[
    {
        "pk": 1, 
        "model": "app_basic.languagechoice", 
        "fields": {
            "menu_order": 1, 
            "image": "uploads/flag/american.png", 
            "code": "en", 
            "activated": 1, 
            "name": "English"
        }
    }, 
    {
        "pk": 2, 
        "model": "app_basic.languagechoice", 
        "fields": {
            "menu_order": 2, 
            "image": "uploads/flag/german.png", 
            "code": "de", 
            "activated": 1, 
            "name": "German"
        }
    }, 
    {
        "pk": 1, 
        "model": "app_basic.internationalization", 
        "fields": {
            "menu_contact": "Contact Us", 
            "press_publications": "Publications", 
            "lang_selection": "Language Selection", 
            "language": 1, 
            "press_photographers": "Photographers", 
            "menu_events": "Events", 
            "menu_news": "News", 
            "contact_manufacturer": "Manufacturer", 
            "menu_home": "Home", 
            "menu_press": "Press", 
            "menu_program": "Program", 
            "menu_shop": "Vehicles", 
            "menu_company": "Company", 
            "press_login": "Press Login", 
            "contact_distributor": "Distributor"
        }
    }, 
    {
        "pk": 2, 
        "model": "app_basic.internationalization", 
        "fields": {
            "menu_contact": "Kontakt", 
            "press_publications": "Publikationen", 
            "lang_selection": "Sprache ausw\u00e4hlen", 
            "language": 2, 
            "press_photographers": " Fotografen", 
            "menu_events": "Events", 
            "menu_news": "News", 
            "contact_manufacturer": "Hersteller", 
            "menu_home": "Home", 
            "menu_press": "Presse", 
            "menu_program": "Programme", 
            "menu_shop": "Vehicles", 
            "menu_company": "Unternehmen", 
            "press_login": "Presse Login", 
            "contact_distributor": "Distributor"
        }
    }, 
    {
        "pk": 1, 
        "model": "app_program.carbase", 
        "fields": {
            "url": "", 
            "order": 6, 
            "name": "q7", 
            "title": "Q7"
        }
    }, 
    {
        "pk": 2, 
        "model": "app_program.carbase", 
        "fields": {
            "url": "", 
            "order": 5, 
            "name": "tt", 
            "title": "TT"
        }
    }, 
    {
        "pk": 1, 
        "model": "app_program.carseries", 
        "fields": {
            "order": 1, 
            "name": "2006", 
            "base": 1, 
            "title": "2006+"
        }
    }, 
    {
        "pk": 3, 
        "model": "app_program.carseries", 
        "fields": {
            "order": 2, 
            "name": "sj_2006", 
            "base": 2, 
            "title": "SJ 2006"
        }
    }, 
    {
        "pk": 4, 
        "model": "app_program.carseries", 
        "fields": {
            "order": 1, 
            "name": "sn_1998_2006", 
            "base": 2, 
            "title": "SN 1998-2006"
        }
    }, 
    {
        "pk": 1, 
        "model": "app_program.car", 
        "fields": {
            "name": "ps_q7", 
            "title": "PS Q7", 
            "store_url": "http://www.ppidesign.com/shop/index.php?main_page=index&cPath=3&language=en", 
            "series": 1, 
            "background_specs": "uploads/car/backgrounds/q7_2007_specs.png", 
            "background_design": "uploads/car/backgrounds/q7_2007_design.png", 
            "background_gallery": "uploads/car/backgrounds/q7_2007_design_.png", 
            "order": 2
        }
    }, 
    {
        "pk": 2, 
        "model": "app_program.car", 
        "fields": {
            "name": "ppi_ice", 
            "title": "PPI Ice", 
            "store_url": "", 
            "series": 1, 
            "background_specs": "uploads/car/backgrounds/ice-specs.png", 
            "background_design": "uploads/car/backgrounds/ice-design.png", 
            "background_gallery": "uploads/car/backgrounds/ice-gallery.png", 
            "order": 1
        }
    }, 
    {
        "pk": 3, 
        "model": "app_program.car", 
        "fields": {
            "name": "ps_tt_coupe", 
            "title": "PS TT COUPE", 
            "store_url": "", 
            "series": 3, 
            "background_specs": "uploads/car/backgrounds/coupe-specs.jpg", 
            "background_design": "uploads/car/backgrounds/coupe-design.png", 
            "background_gallery": "uploads/car/backgrounds/coupe-design_.png", 
            "order": 1
        }
    }, 
    {
        "pk": 4, 
        "model": "app_program.car", 
        "fields": {
            "name": "rs_tt", 
            "title": "PPI RSTT", 
            "store_url": "", 
            "series": 4, 
            "background_specs": "uploads/car/backgrounds/rs_tt_tech.jpg", 
            "background_design": "uploads/car/backgrounds/design.jpg", 
            "background_gallery": "uploads/car/backgrounds/design_.jpg", 
            "order": 2
        }
    }, 
    {
        "pk": 1, 
        "model": "app_program.gallery", 
        "fields": {
            "large": "uploads/car/gallery/large/foto1.jpg", 
            "car": 1, 
            "thumb": "uploads/car/gallery/thumb/foto1_s.jpg", 
            "position": 1
        }
    }, 
    {
        "pk": 25, 
        "model": "app_program.gallery", 
        "fields": {
            "large": "uploads/car/gallery/large/foto9.jpg", 
            "car": 4, 
            "thumb": "uploads/car/gallery/thumb/foto9_s.jpg", 
            "position": 1
        }
    }, 
    {
        "pk": 17, 
        "model": "app_program.gallery", 
        "fields": {
            "large": "uploads/car/gallery/large/foto1__.jpg", 
            "car": 3, 
            "thumb": "uploads/car/gallery/thumb/foto1_s__.jpg", 
            "position": 1
        }
    }, 
    {
        "pk": 9, 
        "model": "app_program.gallery", 
        "fields": {
            "large": "uploads/car/gallery/large/foto1_.jpg", 
            "car": 2, 
            "thumb": "uploads/car/gallery/thumb/foto1_s_.jpg", 
            "position": 1
        }
    }, 
    {
        "pk": 18, 
        "model": "app_program.gallery", 
        "fields": {
            "large": "uploads/car/gallery/large/foto2__.jpg", 
            "car": 3, 
            "thumb": "uploads/car/gallery/thumb/foto2_s__.jpg", 
            "position": 2
        }
    }, 
    {
        "pk": 2, 
        "model": "app_program.gallery", 
        "fields": {
            "large": "uploads/car/gallery/large/foto2.jpg", 
            "car": 1, 
            "thumb": "uploads/car/gallery/thumb/foto2_s.jpg", 
            "position": 2
        }
    }, 
    {
        "pk": 26, 
        "model": "app_program.gallery", 
        "fields": {
            "large": "uploads/car/gallery/large/foto10.jpg", 
            "car": 4, 
            "thumb": "uploads/car/gallery/thumb/foto10_s.jpg", 
            "position": 2
        }
    }, 
    {
        "pk": 10, 
        "model": "app_program.gallery", 
        "fields": {
            "large": "uploads/car/gallery/large/foto2_.jpg", 
            "car": 2, 
            "thumb": "uploads/car/gallery/thumb/foto2_s_.jpg", 
            "position": 2
        }
    }, 
    {
        "pk": 3, 
        "model": "app_program.gallery", 
        "fields": {
            "large": "uploads/car/gallery/large/foto3.jpg", 
            "car": 1, 
            "thumb": "uploads/car/gallery/thumb/foto3_s.jpg", 
            "position": 3
        }
    }, 
    {
        "pk": 19, 
        "model": "app_program.gallery", 
        "fields": {
            "large": "uploads/car/gallery/large/foto3__.jpg", 
            "car": 3, 
            "thumb": "uploads/car/gallery/thumb/foto3_s__.jpg", 
            "position": 3
        }
    }, 
    {
        "pk": 11, 
        "model": "app_program.gallery", 
        "fields": {
            "large": "uploads/car/gallery/large/foto3_.jpg", 
            "car": 2, 
            "thumb": "uploads/car/gallery/thumb/foto3_s_.jpg", 
            "position": 3
        }
    }, 
    {
        "pk": 27, 
        "model": "app_program.gallery", 
        "fields": {
            "large": "uploads/car/gallery/large/foto11.jpg", 
            "car": 4, 
            "thumb": "uploads/car/gallery/thumb/foto11_s.jpg", 
            "position": 3
        }
    }, 
    {
        "pk": 4, 
        "model": "app_program.gallery", 
        "fields": {
            "large": "uploads/car/gallery/large/foto4.jpg", 
            "car": 1, 
            "thumb": "uploads/car/gallery/thumb/foto4_s.jpg", 
            "position": 4
        }
    }, 
    {
        "pk": 28, 
        "model": "app_program.gallery", 
        "fields": {
            "large": "uploads/car/gallery/large/foto12.jpg", 
            "car": 4, 
            "thumb": "uploads/car/gallery/thumb/foto12_s.jpg", 
            "position": 4
        }
    }, 
    {
        "pk": 20, 
        "model": "app_program.gallery", 
        "fields": {
            "large": "uploads/car/gallery/large/foto4__.jpg", 
            "car": 3, 
            "thumb": "uploads/car/gallery/thumb/foto4_s__.jpg", 
            "position": 4
        }
    }, 
    {
        "pk": 12, 
        "model": "app_program.gallery", 
        "fields": {
            "large": "uploads/car/gallery/large/foto4_.jpg", 
            "car": 2, 
            "thumb": "uploads/car/gallery/thumb/foto4_s_.jpg", 
            "position": 4
        }
    }, 
    {
        "pk": 21, 
        "model": "app_program.gallery", 
        "fields": {
            "large": "uploads/car/gallery/large/foto5__.jpg", 
            "car": 3, 
            "thumb": "uploads/car/gallery/thumb/foto5_s__.jpg", 
            "position": 5
        }
    }, 
    {
        "pk": 29, 
        "model": "app_program.gallery", 
        "fields": {
            "large": "uploads/car/gallery/large/foto13.jpg", 
            "car": 4, 
            "thumb": "uploads/car/gallery/thumb/foto13_s.jpg", 
            "position": 5
        }
    }, 
    {
        "pk": 5, 
        "model": "app_program.gallery", 
        "fields": {
            "large": "uploads/car/gallery/large/foto5.jpg", 
            "car": 1, 
            "thumb": "uploads/car/gallery/thumb/foto5_s.jpg", 
            "position": 5
        }
    }, 
    {
        "pk": 13, 
        "model": "app_program.gallery", 
        "fields": {
            "large": "uploads/car/gallery/large/foto5_.jpg", 
            "car": 2, 
            "thumb": "uploads/car/gallery/thumb/foto5_s_.jpg", 
            "position": 5
        }
    }, 
    {
        "pk": 22, 
        "model": "app_program.gallery", 
        "fields": {
            "large": "uploads/car/gallery/large/foto6__.jpg", 
            "car": 3, 
            "thumb": "uploads/car/gallery/thumb/foto6_s__.jpg", 
            "position": 6
        }
    }, 
    {
        "pk": 14, 
        "model": "app_program.gallery", 
        "fields": {
            "large": "uploads/car/gallery/large/foto6_.jpg", 
            "car": 2, 
            "thumb": "uploads/car/gallery/thumb/foto6_s_.jpg", 
            "position": 6
        }
    }, 
    {
        "pk": 30, 
        "model": "app_program.gallery", 
        "fields": {
            "large": "uploads/car/gallery/large/foto14.jpg", 
            "car": 4, 
            "thumb": "uploads/car/gallery/thumb/foto14_s.jpg", 
            "position": 6
        }
    }, 
    {
        "pk": 6, 
        "model": "app_program.gallery", 
        "fields": {
            "large": "uploads/car/gallery/large/foto6.jpg", 
            "car": 1, 
            "thumb": "uploads/car/gallery/thumb/foto6_s.jpg", 
            "position": 6
        }
    }, 
    {
        "pk": 15, 
        "model": "app_program.gallery", 
        "fields": {
            "large": "uploads/car/gallery/large/foto7_.jpg", 
            "car": 2, 
            "thumb": "uploads/car/gallery/thumb/foto7_s_.jpg", 
            "position": 7
        }
    }, 
    {
        "pk": 23, 
        "model": "app_program.gallery", 
        "fields": {
            "large": "uploads/car/gallery/large/foto7__.jpg", 
            "car": 3, 
            "thumb": "uploads/car/gallery/thumb/foto7_s__.jpg", 
            "position": 7
        }
    }, 
    {
        "pk": 31, 
        "model": "app_program.gallery", 
        "fields": {
            "large": "uploads/car/gallery/large/foto15.jpg", 
            "car": 4, 
            "thumb": "uploads/car/gallery/thumb/foto15_s.jpg", 
            "position": 7
        }
    }, 
    {
        "pk": 7, 
        "model": "app_program.gallery", 
        "fields": {
            "large": "uploads/car/gallery/large/foto7.jpg", 
            "car": 1, 
            "thumb": "uploads/car/gallery/thumb/foto7_s.jpg", 
            "position": 7
        }
    }, 
    {
        "pk": 8, 
        "model": "app_program.gallery", 
        "fields": {
            "large": "uploads/car/gallery/large/foto8.jpg", 
            "car": 1, 
            "thumb": "uploads/car/gallery/thumb/foto8_s.jpg", 
            "position": 8
        }
    }, 
    {
        "pk": 16, 
        "model": "app_program.gallery", 
        "fields": {
            "large": "uploads/car/gallery/large/foto8_.jpg", 
            "car": 2, 
            "thumb": "uploads/car/gallery/thumb/foto8_s_.jpg", 
            "position": 8
        }
    }, 
    {
        "pk": 24, 
        "model": "app_program.gallery", 
        "fields": {
            "large": "uploads/car/gallery/large/foto8__.jpg", 
            "car": 3, 
            "thumb": "uploads/car/gallery/thumb/foto8_s__.jpg", 
            "position": 8
        }
    }, 
    {
        "pk": 32, 
        "model": "app_program.gallery", 
        "fields": {
            "large": "uploads/car/gallery/large/foto9_.jpg", 
            "car": 4, 
            "thumb": "uploads/car/gallery/thumb/foto9_s_.jpg", 
            "position": 8
        }
    }, 
    {
        "pk": 1, 
        "model": "app_program.language", 
        "fields": {
            "specs_description": "<section>Engine</section>\r\n\t\t    <generic>4.2L FSI 8-cylinder</generic>\r\n\t\t \r\n\t\t    <section>Engine Modifications</section>\r\n\t\t    <generic>PPI specified twin supercharged, twin intercooled, Silicone Hoses, Modified Blow-off valves, Fuel pressure regulators, higher flow fuel injectors, fuel pump, dual ram-charged high flow air box with metal Air filters, Carbon fiber engine cover, Carbon fiber air box covers, stainless steel down-pipe, stainless steel exhaust system, strengthened internals.</generic>\r\n\t\t \r\n\t\t    <section>Engine Management</section>\r\n\t\t    <list>\r\n\t\t        Reprogrammed ECU\r\n\t\t        Transmission and Modifications\r\n\t\t        Short shift program for transmission ECU, Carbon Fiber Shift Paddles (attached to steering wheel)\r\n\t\t    </list>\r\n\t\t \r\n\t\t    <section>Exterior Modifications</section>\r\n\t\t    <generic>PPI (front bumper, RS-aluminum grille, RS-intercooler grille covers, dual light system with fog light and high beam unit, Carbon fiber front diffuser, Side skirt with air purge system, rear bumper with air purge system and integrated sport reflector (optional carbon fiber lens with PPI raised logo), lower carbon fiber dtm diffuser, rear carbon fiber spoiler, carbon fiber mirror housings (aluminum and titanium finishes available), carbon fiber door  inserts (aluminum and titanium finishes available), carbon fiber headlight trim.</generic>\r\n\t\t \r\n\t\t    <section>Suspension</section>\r\n\t\t    <generic>Reprogrammed height controller ECU.</generic>\r\n\t\t \r\n\t\t    <section>Wheels, Tires</section>\r\n\t\t    <generic>(f/r) 22x10.0-in. PPI Formula wheels. With 295/30 ZR22 XL Michelin 4x4 Diamaris tires specified for the PPI PS Q7.</generic>\r\n\t\t \r\n\t\t    <section>Brakes</section>\r\n\t\t    <generic>PPI Brembo-specified brake system:</generic>\r\n\t\t    <generic>405x34mm (16.0 in) Front Cross-Drilled Ventilated Rotors with 6-piston calipers 380x28mm (15.0 in) Rear Cross-Drilled Ventilated Rotors with 4-piston calipers Optional Ceramic brake system is also available.</generic>\r\n\t\t \r\n\t\t    <section>Interior</section>\r\n\t\t    <generic>Leather/alcantara full interior package, reupholstered seats, steering wheel, Carbon Fiber Shift Paddles (attached to steering wheel) leather shift knob and shift boot, alcantara headliner, leather covered armrest, carbon fiber threshold plates with PPI aluminum inserts, PPI embroidered floor mats. PPI numbered aluminum plaque on glove box, All stitching matched to exterior color. Carbon Fiber Door, Dash, and Center Console trim.</generic>\r\n\t\t \r\n\t\t    <section>Numbers</section>\r\n\t\t    <list>\r\n\t\t        <numbers>600hp (447kW) @ 6,600 rpm</numbers>\r\n\t\t        <numbers>450 lb-ft (610 Nm) @ 3,850 rpm</numbers>\r\n\t\t        <numbers>5,9-sec. 0-60 mph</numbers>\r\n\t\t        <numbers>Top Speed 186mph (300kmh) (electronically limited)</numbers>\r\n\t\t    </list>\r\n\r\n", 
            "design_title": "PPI PS Q7", 
            "language": 1, 
            "specs_title": "Technical Specifications", 
            "car": 1, 
            "gallery_title": "Gallery", 
            "specs_title_extra": "PPI PS Q7 (Based on 4.2L Q7)", 
            "gallery_title_extra": "", 
            "design_description": "<generic>The Q7 is the latest addition to the Audi family and PPI Automotive Design from Stuttgart, Germany has been hard at work redesigning this vehicle for it\u2019s customers. The result is the PPI PS Q7\u00ae. The kit comprises of a lift-reducing front spoiler, side sills, an entirely new rear apron, roof spoiler for enhanced stability at high speeds and under heavy braking. All products can be fitted at any Audi dealer. The PPI PS Q7\u00ae: that is now introduced by PPI Automotive Design includes the best, most sporty and aggressive, as well as functional body styling in the industry for the Audi Q7 !</generic>\r\n\t\t\r\n\t\t     \r\n\t\t<section>PPI PS Q7 Exterior Design</section>\r\n\t\t    <subsection>Front Bumper</subsection>\r\n\t\t    <generic>The PPI PS Q7\u00ae front bumper spoiler looks great with its strikingly styled large air inlets. It features two dedicated fog lamp and optional, two additional high beams, and its refined shape reduces lift on the front axles at high speeds. The center of the bumper has a prominent Matte Carbon Fiber Splitter, that understates the aggressiveness and sportiness of this vehicle.</generic>\r\n\t\t     \r\n\t\t    <subsection>Side Sills</subsection>\r\n\t\t    <generic>The PPI PS Q7\u00ae side sills form a harmonious transition between front and rear Bumpers and accentuate the sporty yet serious purpose of this vehicle. The leading edge of the side sills have a vent to purge air build-up in the front wheel wells, thereby further increasing stability.</generic>\r\n\t\t     \r\n\t\t    <subsection>Rear Bumper</subsection>\r\n\t\t    <generic>The PPI PS Q7\u00ae rear apron features custom cutouts for the 4 pipe stainless-steel PPI sport exhaust system. An integrated diffuser helps reduce lift on the rear axle and also increases directional stability. Also, integrated into the rear bumper are Air-Channels that act to purge air from the underside of the vehicle, further reducing lift on the rear axle. An optional Matte Carbon Fiber Diffuser (also available in aluminum finish) can be fitted to the vehicle as well.</generic>\r\n\t\t     \r\n\t\t    <subsection>Rear Spoiler</subsection>\r\n\t\t    <generic>The PPI roof spoiler not only enhances the look of the PPI PS Q7\u00ae, but also acts to keep this 2.5 ton vehicle stable at high speeds and under heavy braking.</generic>\r\n\t\t      \r\n\t\t    <section>Other Body Modifications and Custom Trim Pieces</section>\r\n\t\t    <generic>PPI Automotive Design further refines the Q7 body with headlight moldings, mirror moldings, and door handle trim pieces each available in carbon fiber or aluminum finish.  A PPI rear center lens that connects the two tail lamps together and gives the vehicle the unique PPI Identity. This piece is available as a Red Lense with the PPI Logo behind it, in aluminum finish or matte carbon fiber, with PPI lettering protruding from it. Finishing touches are the PPI front and rear badges available in Aluminum, Chrome, or Matte Carbon Fiber and PS Q7 badging in Matte Carbon Fiber.</generic>\r\n\t\t     \r\n\t\t    <section>Performance and Handling:</section>\r\n\t\t    <subsection>Engine:</subsection>\r\n\t\t    <generic>The PPI PS Q7\u00ae body conversion offers optimal conditions for powerful engine tuning. There are two performance kits available for the Q7.</generic>\r\n\t\t     \r\n\t\t    <inline>\r\n\t\t        <label>Stage I</label>\r\n\t\t        <data> - Gasoline: The PPI Performance Kit stage I increase power output of the naturally aspirated 4.2L V8 engine to 420 hp / 420 PS / 309 kW  The PPI tuning further improves the performance of the Q7. PPI sport exhaust system, A newly programmed Motronic and a sport air filter complete this tuning level.</data>\r\n\t\t    </inline>\r\n\t\t    \r\n\t\t    <inline>\r\n\t\t        <label>Stage II</label>\r\n\t\t        <data> - Gasoline: The PPI engine department is hard at work developing an even more powerful version of this 4.2L V8. The PPI Performance Kit stage II will consist of superchargers. Power increases to 600 hp / 600 PS / 447 kW Sprint time from 0 - 100 km/h is shortened to just under 6 seconds, top speed increases to 315 km/h.</data>\r\n\t\t    </inline>\r\n\t\t    \r\n\t\t    <inline> \r\n\t\t        <label>Stage I</label>\r\n\t\t        <data> - Diesel: The PPI Performance Kit stage I increase power output of all Diesel engines available for the Q7, coupled with the PPI Sport exhaust system is a newly programmed Motronic unit. These in combination with our air delivery system will greatly improve the engine response and power output of the Diesel motor.</data>\r\n\t\t    </inline>\r\n\t\t    \r\n\t\t    \r\n\t\t    <generic>Please contact us for all your power needs.</generic>\r\n\t\t     \r\n\t\t    <section>Exhaust :</section>\r\n\t\t    <generic>Better sound and better looks for all Audi Q7 models offers the fully stainless-steel PPI sport exhaust system. The exhaust system can also be fitted with optional black chrome-plated PPI tailpipes.</generic>\r\n\t\t      \r\n\t\t    <section>Tire and Wheel upgrades</section>\r\n\t\t    <generic>The PPI PS Q7\u00ae is fitted with king-size 10Jx22 one-piece PPI Formula light-alloy wheels all around. The Michelin\u00ae 4x4 Diamaris\u00ae tires in size 295/30 ZR 22 XL on front and rear axles are approved on the Q7 for speeds up 300 km/h.</generic>\r\n\t\t     \r\n\t\t    <section>Brake and Suspension System</section>\r\n\t\t    <generic>PPI Automotive Design also extensively modifies the suspension of the Q7. For vehicles equipped with air suspension there is the PPI sport module, which can lower the ride height of the SUV for on-road operations by up to 40 millimeter. For tough off-road use the ride height can be increased by up to 70 millimeters. PPI Custom Big Brake Kit for the PPI PS Q7  405x34mm (6 piston) front, 380x28mm (4 piston) rear.</generic>\r\n\t\t    \r\n\t\t    <section>PPI Custom Interiors</section>\r\n\t\t    <subsection>Interior enhancements</subsection>\r\n\t\t    <generic>PPI Automotive Design can also refine the Q7 interior with many materials, including leather, alcantara, carbon fiber, aluminum, Kevlar, and the newly developed carbon-fiber etched leather. The options for interior of the Audi Q7 range from exclusive cockpit accessories to the completion of the leather interior available ex-factory to an entirely new individual PPI fully leathered interior to suit any of our customer\u2019s tastes. The options are limited only by our clients\u2019  imaginations. Also available is a stylishly integrated state-of-the-art multimedia system with monitors integrated into the rear headrests.</generic>\r\n\r\n", 
            "design_title_extra": "based on AUDI Q7"
        }
    }, 
    {
        "pk": 2, 
        "model": "app_program.language", 
        "fields": {
            "specs_description": "<section>Motor</section>\r\n                <generic>1.8L DOHC 20 Ventile, 4-Zylinder</generic>\r\n\r\n                <section>Motorenmodifikation</section>\r\n                <generic>Silikon Schl\u00e4uche, modifizierte Ablassventile, verbesserte Benzineinspritzung, Benzindruckregler, Motorabdeckung aus Kohlefaser, Sportluftfilter, Edelstahlauspuffanlage, diverse verst\u00e4rkte Anbauteile, Zylinderkopf und Ansaugbr\u00fccke aus Kohlefaser.</generic> \r\n\r\n                <section>Motorenmanagement</section>\r\n                <generic>Leistungssteigerndes Motorentuning durch Neuprogrammierung der Steuerungseinheit.</generic>\r\n\r\n                <section>Getriebe</section>\r\n                <generic>Schaltwegverk\u00fcrzung, Drehmomentwandler.</generic>\r\n\r\n                <section>Karosserie</section>\r\n                <generic>Kevlarverst\u00e4rkte Frontsch\u00fcrze, Aluminium Grill, RS K\u00fchlergrill mit Bremsleitungen, T\u00fcrzierleisten aus Kohlefaser (auch in Aluminum und Titanium erh\u00e4ltlich), kevlarverst\u00e4rkte Hecksch\u00fcrze mit integriertem Sportreflektor (optional in Kohlefaser mit PPI Logo) und Lippe (auch in Aluminum und Titanium erh\u00e4ltlich), Auspuffdiffusor aus Kohlefaser, Spiegelgeh\u00e4use ebenfalls aus Kohlefasser (auch in Aluminium und Titanium erh\u00e4ltlich), Kohlefaserspiegelf\u00fc\u00dfe (auch in Aluminum und Titanium erh\u00e4ltlich), Xenonscheinwerfersystem, Hauptscheinwerfer mit Angel-Eye-Einsatz, LED Blinker und R\u00fccklichter.</generic> \r\n\r\n                <section>Fahrwerk</section>\r\n                <generic>Gewindefahrwerk</generic>\r\n\r\n                <section>Reifen, Felgen</section>\r\n                <generic>Vorne und hinten 8.5 x 18 PPI Formula ET25 Felgen mit poliertem Horn und matt schwarzem Stern oder in Silber. 225/40 ZR18 Michelin Pilot Sport2 Reifen.</generic>\r\n\r\n                <section>Bremsen</section>\r\n                <subsection>PPI modifiziertes Brembo Bremssystem:</subsection>\r\n                <generic>Vorne 322x32mm gelochte Bremsscheiben mit 4-Kolbenbremssattel</generic>\r\n\r\n                <section>Innenausstattung</section>\r\n                <generic>Leder/Alcantara Vollausstattung, individuell bezogene Recaro Sportsitze, 3 farbiges Leder/Alcantara Lenkrad, Lederkombination f\u00fcr Schaltknauf und \u2013sack, Alcantarahimmel, lederbezogene Armlehnen, Integrierte Ladedruckanzeige, Kohlefasereinstiegsleisten mit PPI Aluminumeinsatz, PPI bestickte Fu\u00dfmatten, alle Stickereien sind passend zur Au\u00dfenfarbe erh\u00e4ltlich.</generic> \r\n\r\n                <section>Zahlen</section>\r\n                <list>\r\n                    <numbers>285 PS (213kW) bei 6600 U/Min</numbers>\r\n                    <numbers>440 Nm bei 2100-4500 U/Min</numbers>\r\n                    <numbers>0 \u2013 100 km/h: 5.5 Sek.</numbers>\r\n                </list>\r\n\r\n", 
            "design_title": "PPI PS Q7 / P Q7", 
            "language": 2, 
            "specs_title": "Technische Daten", 
            "car": 1, 
            "gallery_title": "Gallerie", 
            "specs_title_extra": "PPI PS Q7 (Based on 4.2L Q7)", 
            "gallery_title_extra": "", 
            "design_description": "<generic>Der \u00fcberarbeitete Q7 von PPI Automotive Design aus Stuttgart (Germany),   beinhaltet einen Auftriebsreduzierenden Frontspoiler, elegante Seitenschweller, eine vollkommen neue sportlich dynamische Hecksch\u00fcrze, Dachspoiler f\u00fcr eine erh\u00f6hte Stabilit\u00e4t bei H\u00f6chstgeschwindigkeiten und beim Bremsvorgang. Alle Produkte k\u00f6nnen durch jeden Audih\u00e4ndler bzw. jede Fachwerkstatt eingebaut werden.</generic> \r\n    \r\n        <generic>PPI Automotive Design GmbH pr\u00e4sentiert das neue PPI PS Q7 \u00ae . Design, erg\u00e4nzt durch Sportlichkeit und Eleganz des Original Audi Q7.  Der Umbau durch PPI erfrischt und erg\u00e4nzt den   Look des Audi Q7 und schafft damit ein einzigartiges Erscheinungsbild dieses Typs.   Dieser neu geschaffene sehr sportliche Gel\u00e4ndewagen ist die Ausgestaltung unserer Leidenschaft f\u00fcr das Produkt Audi. Somit entstand ein Produkt f\u00fcr die Tuningszene, die Automobilbranche und Autoliebhaber zugleich.</generic>\r\n    \r\n        <generic>Der PPI PS Q7 \u00ae bietet den besten, sportlichsten, aggressivsten und den zugleich funktionellsten und sch\u00f6nsten Umbau in der Exklusivtuningszene.</generic>\r\n    \r\n        <section>Frontsch\u00fcrze</section>\r\n    \r\n        <generic>Die PPI Frontsch\u00fcrze mit den vergr\u00f6\u00dferten Lufteinl\u00e4ssen ist der Blickfang mit ihrem auff\u00e4lligen Style und der veredelten Form. Die beiden Nebelscheinwerfer und die optional erh\u00e4ltlichen Fernscheinwerfer integrieren harmonisch. Die PPI   Frontsch\u00fcrze reduziert zus\u00e4tzlich den Auftrieb an der Vorderachse und wird unterstrichen von dem matt gestalteten Kohlefaserluftleiteinsatz. Er verleiht dem SUV einen sportlich eleganten Einfluss.</generic> \r\n    \r\n        <section>Seitenschweller</section>\r\n    \r\n        <generic>Eine Harmonische Verbindung zwischen der Front und Hecksch\u00fcrze ist die sportlich aber edel gestaltete Seitenlinie des PS Q7\u00ae. Die mit seitlichen \u00d6ffnungen rassig die Anmutung des Q7 komplettieren</generic>\r\n    \r\n        <section>Hecksch\u00fcrze</section>\r\n    \r\n        <generic>Die PPI PS Q7 \u00ae Hecksch\u00fcrze beinhaltet einen ma\u00dfgeschneiderten Ausschnitt f\u00fcr die PPI Vierrohr-Edelstahlauspuffanlage. Ein integrierter Diffusor rundet das Heck ab und verringert den Auftrieb an  der Hinterachse und verleiht zus\u00e4tzliche Stabilit\u00e4t. Wahlweise kann ein Diffusor aus Kohlefaser oder auch Aluminium  montiert werden.</generic>\r\n    \r\n        <section>Dachspoiler</section>\r\n    \r\n        <generic>Der PPI Dachspoiler erg\u00e4nzt nicht nur das Aussehen des PPI PS Q7 \u00ae sondern tr\u00e4gt dazu bei,  Luftverwirbelungen zu reduzieren und die Stabilit\u00e4t im H\u00f6chstgeschwindigkeitsbereich zu verbessern</generic>\r\n    \r\n        <section>Individualisierung bis ins Detail</section>\r\n    \r\n        <generic>PPI Automotive Design veredelt die Q7 Karosserie mit Scheinwerfer-, Spiegel- und T\u00fcrgriffabdeckungen (erh\u00e4ltlich in hochwertiger Kohlefaser oder Aluminium). Die PPI Heckblende, welche die beiden R\u00fccklichter miteinander verbindet, dr\u00fcckt dem SUV den einzigartigen PPI Stempel auf. Diese Heckblende ist w\u00e4hlbar in Rot mit PPI Logo, Aluminium oder in matter Kohlefaser. Um das Gesamtbild des PPI PS Q7\u00ae abzurunden sind PPI Logos in Aluminium, Chrom oder matter Kohlefaser und das PS Q7 \u00ae Logo ebenfalls in matter Kohlefaser erh\u00e4ltlich.</generic>\r\n    \r\n        <section>Motor</section>\r\n    \r\n        <generic>Der PPI PS Q7 \u00ae Umbau bietet die optimalen Voraussetzungen f\u00fcr ein leistungssteigerndes Motorentuning. Es kann hier aus zwei leistungssteigernden Baus\u00e4tzen gew\u00e4hlt werden.</generic>\r\n    \r\n        <inline>\r\n            <label>Stufe I:</label>\r\n            <data> Der PPI Performance Kit I steigert die Ausgangsleistung des 4.2L V8 Motor (Saugmotor) bis zu 420 PS / 309 kW. Das PPI Motorentuning verbessert zus\u00e4tzlich das Fahrverhalten des Q7. Ein Sportauspuffsystem von PPI, eine neu programmierte Motronic und ein Sportluftfilter bringen dieses Tuninglevel zur Vollendung.</data> \r\n        </inline>\r\n    \r\n        <inline>\r\n            <label>Stufe I - Diesel:</label>\r\n            <data>Der PPI Performance Kit I steigert durch die Kombination der PPI Sportauspuffanlage, einer neuen Motronic und verbesserter Luftzuf\u00fchrung die Ausgangsleistung, als auch das Ansprechverhalten   aller verf\u00fcgbaren Diesel Modelle. </data>\r\n        </inline>\r\n    \r\n        <inline>\r\n            <label>Stufe II:</label>\r\n            <generic>Die PPI Motorenentwicklung arbeitet ohne Unterlass an einer noch leistungsst\u00e4rkeren Version f\u00fcr den 4.2L V8. Der PPI Performance Kit Stufe II wird aus einem \u201eSuperlader\" bestehen. Die Leistungssteigerung auf 600PS / 447KW verspricht eine Beschleunigung von 0 -100km/h unter 6 Sekunden und eine Maximalgeschwindigkeit von 315 km/h.</generic>\r\n       </inline>\r\n\r\n    \r\n        <generic>F\u00fcr weitere Leistungssteigerungen k\u00f6nnen Sie uns gerne Kontaktieren.</generic>\r\n    \r\n        <section>Auspuffanlage:</section>\r\n    \r\n        <generic>Das PPI Sportauspuffsystem bietet einen besseren Klang und unterst\u00fctzt die Gesamterscheinung der Q7\u2013Modelle durch eine Edelstahlauspuffanlage. Das System kann aber auch mit schwarzen Chromendrohren bestellt werden.</generic>\r\n    \r\n        <section>Reifen und R\u00e4der</section>\r\n    \r\n        <generic>Der PPI PS Q7 \u00ae ist ausgestattet mit \u00fcberdurchschnittlichen, einteiligen 10Jx22 PPI Formula Leichtmetallfelgen. Die Michelin\u00ae 4x4 Diamaris\u00ae Reifen in der Gr\u00f6\u00dfe 295/30 ZR 22 XL auf Vorder- und Hinterachse machen Geschwindigkeiten bis zu 300 km/h m\u00f6glich.</generic>\r\n    \r\n        <section>Bremsen und Fahrwerk</section> \r\n    \r\n        <generic>PPI Automotive Design hat zus\u00e4tzlich die Aufh\u00e4ngung des Q7 umfangreich weiterentwickelt. F\u00fcr Fahrzeuge die mit einer Luftfederung ausgestattet sind, gibt es ein elektronisches PPI Sportmodul, mit dessen Hilfe die H\u00f6he des SUV um bis zu 40 Millimeter herabgesenkt werden kann. Um das Fahrzeug Off-Road nutzen zu k\u00f6nnen kann das Fahrzeug die Bodenfreiheit um 70 Millimeter erh\u00f6hen.</generic> \r\n    \r\n        <generic>PPI Big Brake Kit f\u00fcr den PS Q7\u00ae, welches in unterschiedlichen Farben erh\u00e4ltlich ist, rundet das Gesamtbild   ab. 405x34mm (6-Kolben) vorne, 380x28mm (4-Kolben) hinten.</generic>\r\n    \r\n        <section>Interieur</section> \r\n    <generic>PPI Automotive Design gestaltet das Interieur mit diversen Materialien wie z.B. Leder, Alcantara, Kohlefaser, Aluminium, Kevlar und neu entwickeltem Kohlefaserleder. Die Angebotspalette der Innenausstattung f\u00fcr den Q7 reicht von exklusiven Cockpit Accessoires bis hin zu einer kompletten PPI Lederausstattung. Diese kann ab Werk im individuellen PPI Stil voll nach den W\u00fcnschen des Kunden gestaltet werden, hierbei sind dem Kunden keinerlei Grenzen gesetzt. Ebenfalls erh\u00e4ltlich sind integrierte Multimediasysteme mit Monitoren in den Nackenst\u00fctzen oder am Dachhimmel.</generic>\r\n\r\n", 
            "design_title_extra": "(based on AUDI Q7)"
        }
    }, 
    {
        "pk": 3, 
        "model": "app_program.language", 
        "fields": {
            "specs_description": "<section>Engine</section>\r\n            <generic>4.2L FSI 8-cylinder</generic>\r\n             \r\n            <section>Engine Modifications</section>\r\n            <generic>PPI specified twin supercharged, twin intercooled, Silicone Hoses, Modified Blow-off valves, Fuel pressure regulators, higher flow fuel injectors, fuel pump, dual ram-charged high flow air box with metal Air filters, Carbon fiber engine cover, Carbon fiber air box covers, stainless steel down-pipe, stainless steel exhaust system, strengthened internals.</generic>\r\n             \r\n            <section>Engine Management</section>\r\n            <list>\r\n                    Reprogrammed ECU\r\n                    Transmission and Modifications\r\n                    Short shift program for transmission ECU, Carbon Fiber Shift Paddles (attached to steering wheel)\r\n            </list>\r\n             \r\n            <section>Exterior Modifications</section>\r\n            <generic>PPI (front bumper, RS-aluminum grille, RS-intercooler grille covers, dual light system with fog light and high beam unit, Carbon fiber front diffuser, Side skirt with air purge system, rear bumper with air purge system and integrated sport reflector (optional carbon fiber lens with PPI raised logo), lower carbon fiber dtm diffuser, rear carbon fiber spoiler, carbon fiber mirror housings (aluminum and titanium finishes available), carbon fiber door  inserts (aluminum and titanium finishes available), carbon fiber headlight trim. </generic>\r\n             \r\n            <section>Suspension</section>\r\n            <generic>Reprogrammed height controller ECU.</generic>\r\n             \r\n            <section>Wheels, Tires</section>\r\n            <generic>(f/r) 22x10.0-in. PPI Formula wheels. With 295/30 ZR22 XL Michelin 4x4 Diamaris tires specified for the PPI PS Q7.</generic>\r\n             \r\n            <section>Brakes</section>\r\n            <subsection>PPI Brembo-specified brake system:</subsection>\r\n            <generic>405x34mm (16.0 in) Front Cross-Drilled Ventilated Rotors with 6-piston calipers 380x28mm (15.0 in) Rear Cross-Drilled Ventilated Rotors with 4-piston calipers Optional Ceramic brake system is also available.</generic>\r\n             \r\n            <section>Interior</section>\r\n            <generic>Leather/alcantara full interior package, reupholstered seats, steering wheel, Carbon Fiber Shift Paddles (attached to steering wheel) leather shift knob and shift boot, alcantara headliner, leather covered armrest, carbon fiber threshold plates with PPI aluminum inserts, PPI embroidered floor mats. PPI numbered aluminum plaque on glove box, All stitching matched to exterior color. Carbon Fiber Door, Dash, and Center Console trim.</generic>\r\n             \r\n            <section>Numbers</section>\r\n            <list>\r\n                    <numbers>600hp (447kW) @ 6,600 rpm</numbers> \r\n                    <numbers>450 lb-ft (610 Nm) @ 3,850 rpm</numbers>\r\n                    <numbers>5,9-sec. 0-60 mph</numbers>\r\n                    <numbers>Top Speed 186mph (300kmh) (electronically limited)</numbers>\r\n            </list>\r\n\r\n", 
            "design_title": "The PPI ICE\u00ae", 
            "language": 1, 
            "specs_title": "Technical Specifications", 
            "car": 2, 
            "gallery_title": "The PPI ICE\u00ae", 
            "specs_title_extra": "PPI ICE (Based on something else)", 
            "gallery_title_extra": "", 
            "design_description": "<section>World premiere at the Essen Motor Show 2007</section>\r\n            <section>The PPI ICE\u00ae \u2013 cool look both on- and off-road</section>\r\n            \r\n            <generic>By presenting the Q7 at the IAA in September 2005, Audi extended its product range with a luxurious and sporty SUV model. It was only a short while after its market launch that PPI Automotive Design presented an enhanced version of the 7-seater entry-level model, namely the PPI PS Q7. At the Essen Motor Show 2007, PPI is now presenting the technically and visually further advanced PPI ICE\u00ae. More dynamic, more luxurious and even more exclusive than its predecessor. Certainly no impostor, but rather a car satisfying the highest requirements when it comes to driving pleasure and active safety. This bold car makes you feel like you own the road.</generic>\r\n            \r\n            <subsection>Impressive design package</subsection>\r\n            <generic>Perfect surface quality and precision-fitting workmanship are the defining features of the lift-reducing PPI bodyshell design. By adding the wide kit, the PPI ICE\u00ae becomes a real head-turner both on- and off-road. One component of the striking front end is a far sportier front apron with enlarged cooling air inlets. An extra lightweight, carbon-fibre-reinforced bonnet allows additional fresh air to be supplied to the front engine through its ventilation ducts. The side wheel arch extensions lend the PPI ICE\u00ae a unique touch. Complemented by the side sills, they widen the production bodyshell by 110 mm and convey a sense of sheer power even when stationary. The PPI rear apron with an integral diffuser accommodates the four tailpipes of the sports exhaust system and blends seamlessly into the overall package. The carbon fibre roof spoiler creates additional downforce and enhances the stability of the car at high speeds. Further carbon fibre trim components, such as the door mirror housing and door handle trims are available with the option of a polished or mat finish as well as in an aluminium look.</generic>\r\n            \r\n            <subsection>More torque for enhanced driving pleasure</subsection>\r\n            <generic>The impressive appearance of the PPI ICE\u00ae is supported by a range of performance kits. The first stage for all diesel and petrol engines is a kit comprising a sports exhaust system, sports air filter and an optimised engine management system. This produces a power increase of up to 35 kW/47 bhp and an additional 45 Nm torque compared with the production version. This top engine is a turbo-charged version of the 4.2L V8 engine. 600 bhp / 442 kW and a top speed of 295 km/h being the outcome of the PPI development. A further requirement from the design brief of the PPI development crew specifying that the car should accelerate to 100 km/h in less than 6 seconds was satisfied in impressive style by the engine technicians. At 5.9 seconds, the PPI ICE\u00ae performs this sprint 1.5 seconds faster than its production counterpart. And what is more, acoustically accentuated by the powerful, sonorous sound of the PPI sports exhaust system with its 4 tailpipes.</generic>\r\n            \r\n            <subsection>Stop &amp; Go</subsection>\r\n            <generic>The generously dimensioned sports braking system goes to ensure the outstanding braking performance of the PPI ICE\u00ae. Brake discs in the dimensions 405 x 34 mm (front) and 380 x 28 mm (rear) are applied by the front six-piston and rear four-piston brake callipers. The brake force is transferred to the road by means of a special wheel and tyre combination. Equipped with single-piece 10Jx22 PPI Formula alloy wheels and Michelin 4x4 Diamaris size 295/30 ZR 22 XL tyres. This tyre was jointly developed with Michelin specifically for this car and is authorised for speeds of up to 315 km/h.</generic>\r\n            \r\n            <generic>For cars with air suspension, there is the option of fitting the PPI sports module. Compared with the production function, this increases the road clearance by 70 mm and can also be lowered by 40 mm as an option.</generic>\r\n            \r\n            <subsection>PPI-Identity design. Interiors without limits</subsection>\r\n            <generic>One highlight of the interior is the newly designed \u2013 in terms of its ergonomics \u2013 PPI \u201cIdentity\u201d sports steering wheel. An absolute must for all technology fans is the special PPI console for the iPhone, Treo and Blackberry. Whether customers are looking for a stylish or sporty finish, PPI offers the perfect design to suit every taste in interiors. Custom made for you, and integrated into your car by expert hands. Upon request, PPI\u2019s own saddler\u2019s workshop can offer everything to the heart beating, from a set of personalised floor mats through to full leather upholsteries \u2013 and everything precision hand-crafted.</generic>\r\n\r\n", 
            "design_title_extra": ""
        }
    }, 
    {
        "pk": 4, 
        "model": "app_program.language", 
        "fields": {
            "specs_description": "<section>Motor</section>\r\n            <generic>1.8L DOHC 20 Ventile, 4-Zylinder</generic>\r\n\r\n            <section>Motorenmodifikation</section>\r\n            <generic>Silikon Schl\u00e4uche, modifizierte Ablassventile, verbesserte Benzineinspritzung, Benzindruckregler, Motorabdeckung aus Kohlefaser, Sportluftfilter, Edelstahlauspuffanlage, diverse verst\u00e4rkte Anbauteile, Zylinderkopf und Ansaugbr\u00fccke aus Kohlefaser.</generic> \r\n\r\n            <section>Motorenmanagement</section>\r\n            <generic>Leistungssteigerndes Motorentuning durch Neuprogrammierung der Steuerungseinheit.</generic>\r\n\r\n            <section>Getriebe</section>\r\n            <generic>Schaltwegverk\u00fcrzung, Drehmomentwandler.</generic>\r\n\r\n            <section>Karosserie</section>\r\n            <generic>Kevlarverst\u00e4rkte Frontsch\u00fcrze, Aluminium Grill, RS K\u00fchlergrill mit Bremsleitungen, T\u00fcrzierleisten aus Kohlefaser (auch in Aluminum und Titanium erh\u00e4ltlich), kevlarverst\u00e4rkte Hecksch\u00fcrze mit integriertem Sportreflektor (optional in Kohlefaser mit PPI Logo) und Lippe (auch in Aluminum und Titanium erh\u00e4ltlich), Auspuffdiffusor aus Kohlefaser, Spiegelgeh\u00e4use ebenfalls aus Kohlefasser (auch in Aluminium und Titanium erh\u00e4ltlich), Kohlefaserspiegelf\u00fc\u00dfe (auch in Aluminum und Titanium erh\u00e4ltlich), Xenonscheinwerfersystem, Hauptscheinwerfer mit Angel-Eye-Einsatz, LED Blinker und R\u00fccklichter.</generic> \r\n\r\n            <section>Fahrwerk</section>\r\n            <generic>Gewindefahrwerk</generic>\r\n\r\n            <section>Reifen, Felgen</section>\r\n            <generic>Vorne und hinten 8.5 x 18 PPI Formula ET25 Felgen mit poliertem Horn und matt schwarzem Stern oder in Silber. 225/40 ZR18 Michelin Pilot Sport2 Reifen.</generic>\r\n\r\n            <section>Bremsen</section>\r\n            <subsection>PPI modifiziertes Brembo Bremssystem:</subsection>\r\n            <generic>Vorne 322x32mm gelochte Bremsscheiben mit 4-Kolbenbremssattel</generic>\r\n\r\n            <section>Innenausstattung</section>\r\n            <generic>Leder/Alcantara Vollausstattung, individuell bezogene Recaro Sportsitze, 3 farbiges Leder/Alcantara Lenkrad, Lederkombination f\u00fcr Schaltknauf und \u2013sack, Alcantarahimmel, lederbezogene Armlehnen, Integrierte Ladedruckanzeige, Kohlefasereinstiegsleisten mit PPI Aluminumeinsatz, PPI bestickte Fu\u00dfmatten, alle Stickereien sind passend zur Au\u00dfenfarbe erh\u00e4ltlich.</generic> \r\n\r\n            <section>Zahlen</section>\r\n            <list>\r\n                <numbers>285 PS (213kW) bei 6600 U/Min</numbers>\r\n                <numbers>440 Nm bei 2100-4500 U/Min</numbers>\r\n                <numbers>0 \u2013 100 km/h: 5.5 Sek.</numbers>\r\n            </list>\r\n\r\n", 
            "design_title": "Der PPI ICE\u00ae", 
            "language": 2, 
            "specs_title": "Technische Daten", 
            "car": 2, 
            "gallery_title": "Der PPI ICE\u00ae", 
            "specs_title_extra": "", 
            "gallery_title_extra": "", 
            "design_description": "<subsection>Weltpremiere auf der Essen Motorshow 2007</subsection>\r\n            <subsection>Der PPI ICE\u00ae \u2013 cooler Anblick auf Asphalt und im Gel\u00e4nde</subsection>\r\n            \r\n            <generic>Mit der Vorstellung des Q7 auf der IAA im September 2005 erweiterte Audi seine Produktpalette um ein luxuri\u00f6ses und sportliches SUV-Modell. Nur kurz nach dessen Markteinf\u00fchrung zeigte PPI Automotive Design bereits eine optimierte Version des 7-sitzigen Basismodels, den PPI PS Q7. Auf der Essen Motorshow 2007 pr\u00e4sentiert PPI nun den technisch und optisch weiterentwickelten PPI ICE\u00ae. Noch dynamischer, noch luxuri\u00f6ser und noch exklusiver als sein Vorg\u00e4nger. Kein Blender, sondern ein Fahrzeug f\u00fcr h\u00f6chste Anspr\u00fcche an Fahrfreude und aktive Sicherheit.</generic> \r\n            \r\n            <subsection>Eindrucksvolles Design-Paket</subsection>\r\n            <generic>Perfekte Oberfl\u00e4chenqualit\u00e4t und passgenaue Verarbeitung kennzeichnen das Auftrieb reduzierende PPI Karosseriedesign. Mit dem Breitbau-Kit wird der PPI ICE\u00ae zum Blickfang auf Asphalt und im Gel\u00e4nde. Bestandteil des markanten Vorderbaus ist eine weitaus sportlichere Frontsch\u00fcrze mit gr\u00f6\u00dferen K\u00fchllufteinl\u00e4ssen. Eine extraleichte, durch Carbon verst\u00e4rkte Motorhaube sorgt durch seine Bel\u00fcftungskan\u00e4le f\u00fcr zus\u00e4tzliche Frischluftversorgung des Frontmotors. Seine starke individuelle Note erh\u00e4lt der PPI ICE\u00ae durch die seitlichen Kotfl\u00fcgelverbreiterungen. Erg\u00e4nzt durch die Seitenschweller verbreitern sie die Serienkarosserie um 110 mm und vermitteln schon im Stand pure Kraft. Die PPI-Hecksch\u00fcrze mit integriertem Diffusor macht Platz f\u00fcr vier Endrohre der Sportauspuffanlage und passt sich nahtlos in das Gesamtpaket ein. Der Dachspoiler aus Carbon sorgt f\u00fcr zus\u00e4tzlichen Anpressdruck und verbessert die Stabilit\u00e4t des Fahrzeugs bei hohen Geschwindigkeiten. Weitere Sichtcarbonteile wie Spiegelgeh\u00e4use- und T\u00fcrgriffverkleidungen gibt es wahlweise in Glanz- oder Mattfinish als auch im Aluminium-Look.</generic>\r\n            \r\n            <subsection>Mehr Drehmoment f\u00fcr mehr Fahrspa\u00df</subsection>\r\n            <generic>Unterst\u00fctzt wird der imposante Auftritt des PPI ICE\u00ae durch eine Palette an Leistungskits. Die erste Ausbaustufe f\u00fcr alle Diesel- und Benzinmotoren ist ein Kit bestehend aus Sportauspuffanlage, Sportluftfilter und optimierter Motorelektronik. Dabei wird ein Leistungszuwachs von bis zu 35 kW/47 PS und zus\u00e4tzlichen 45 Nm Drehmoment im Vergleich zur Serie erreicht. Die Top-Motorisierung ist eine durch Kompressoren aufgeladene Version des 4.2L V8 Aggregats. 600 PS / 442 kW und eine H\u00f6chstgeschwindigkeit von 295 km/h ist das Resultat der PPI-Entwicklung. Eine weitere Vorgabe aus dem Lastenheft der PPI-Entwicklung, das Fahrzeug unter sechs Sekunden auf 100 km/h zu beschleunigen, wurde durch die Motorentechniker eindrucksvoll erf\u00fcllt. Mit 5,9 Sekunden erledigt der PPI ICE\u00ae den Spurt um 1,5 Sekunden schneller als sein Serienpendant. Und das akustisch untermalt durch den kr\u00e4ftigen, sonoren Klang der PPI-Sportauspuffanlage mit seinen 4-Endrohren.</generic>\r\n            \r\n            <subsection>Stop &amp; Go</subsection>\r\n            <generic>F\u00fcr die exzellenten Verz\u00f6gerungswerte des PPI ICE\u00ae  sorgt die \u00fcppig dimensionierte Sportbremsanlage. Bremsscheiben mit den Ma\u00dfen 405 x 34 mm (vorne) und 380 x 28 mm (hinten) werden von den vorderen Sechs- und hinteren Vier- Kolbenanlagen in die Zange genommen. \u00dcbertragen auf die Strasse wird die Verz\u00f6gerung durch eine spezielle Rad- und Reifenkombination. Ausgestattet mit einteiligen 10Jx22 PPI Formula Leichtmetallfelgen und Michelin 4x4 Diamaris Reifen der Gr\u00f6\u00dfe 295/30 ZR 22 XL. Dieser Reifen wurde zusammen mit Michelin speziell f\u00fcr dieses Fahrzeug entwickelt und ist f\u00fcr Geschwindigkeiten bis 315 km/h zugelassen.</generic>\r\n            \r\n            <generic>F\u00fcr Fahrzeuge mit Luftfederung gibt es die M\u00f6glichkeit das PPI-Sportmodul zu verbauen. Gegen\u00fcber der Serienfunktion erh\u00f6ht sich die Bodenfreiheit um 70 mm und l\u00e4sst sich wahlweise um 40 mm zus\u00e4tzlich absenken.</generic>\r\n            \r\n            <subsection>Interieurgestaltung ohne Limits</subsection>\r\n            <generic>Ein Highlight des Interieurs bildet das in seiner Ergonomie neu gestaltete Sport-Lenkrad. Ein Muss f\u00fcr alle technikbegeisterten ist die spezielle PPI-Konsole f\u00fcr iPhone, Treo oder Blackberry.  Ob edel oder sportlich \u2013 PPI bietet f\u00fcr jeden Interieur-Geschmack das Gew\u00fcnschte. Individuell f\u00fcr Sie gefertigt und von Meisterhand in Ihr Fahrzeug integriert. Auf Wunsch gibt es aus der eigenen Sattlerei alles was das Herz h\u00f6her schlagen l\u00e4sst, vom personalisierten Fu\u00dfmattensatz bis hin zur Komplettlederausstattung, alles in handwerklicher Pr\u00e4zision gefertigt.</generic>\r\n\r\n", 
            "design_title_extra": ""
        }
    }, 
    {
        "pk": 5, 
        "model": "app_program.language", 
        "fields": {
            "specs_description": "<section>Engine</section>\r\n            <generic>4.2L FSI 8-cylinder</generic>\r\n \r\n            <section>Engine Modifications</section>\r\n            <generic>PPI specified twin supercharged, twin intercooled, Silicone Hoses, Modified Blow-off valves, Fuel pressure regulators, higher flow fuel injectors, fuel pump, dual ram-charged high flow air box with metal Air filters, Carbon fiber engine cover, Carbon fiber air box covers, stainless steel down-pipe, stainless steel exhaust system, strengthened internals.</generic>\r\n \r\n            <section>Engine Management</section>\r\n            <list>\r\n                Reprogrammed ECU\r\n                Transmission and Modifications\r\n                Short shift program for transmission ECU, Carbon Fiber Shift Paddles (attached to steering wheel)\r\n            </list>\r\n \r\n            <section>Exterior Modifications</section>\r\n            <generic>PPI (front bumper, RS-aluminum grille, RS-intercooler grille covers, dual light system with fog light and high beam unit, Carbon fiber front diffuser, Side skirt with air purge system, rear bumper with air purge system and integrated sport reflector (optional carbon fiber lens with PPI raised logo), lower carbon fiber dtm diffuser, rear carbon fiber spoiler, carbon fiber mirror housings (aluminum and titanium finishes available), carbon fiber door  inserts (aluminum and titanium finishes available), carbon fiber headlight trim.</generic>\r\n \r\n            <section>Suspension</section>\r\n            <generic>Reprogrammed height controller ECU.</generic>\r\n \r\n            <section>Wheels, Tires</section>\r\n            <generic>(f/r) 22x10.0-in. PPI Formula wheels. With 295/30 ZR22 XL Michelin 4x4 Diamaris tires specified for the PPI PS Q7.</generic>\r\n \r\n            <section>Brakes</section>\r\n            <generic>PPI Brembo-specified brake system:</generic>\r\n            <generic>405x34mm (16.0 in) Front Cross-Drilled Ventilated Rotors with 6-piston calipers 380x28mm (15.0 in) Rear Cross-Drilled Ventilated Rotors with 4-piston calipers Optional Ceramic brake system is also available.</generic>\r\n \r\n            <section>Interior</section>\r\n            <generic>Leather/alcantara full interior package, reupholstered seats, steering wheel, Carbon Fiber Shift Paddles (attached to steering wheel) leather shift knob and shift boot, alcantara headliner, leather covered armrest, carbon fiber threshold plates with PPI aluminum inserts, PPI embroidered floor mats. PPI numbered aluminum plaque on glove box, All stitching matched to exterior color. Carbon Fiber Door, Dash, and Center Console trim.</generic>\r\n \r\n            <section>Numbers</section>\r\n            <list>\r\n                <numbers>600hp (447kW) @ 6,600 rpm</numbers>\r\n                <numbers>450 lb-ft (610 Nm) @ 3,850 rpm</numbers>\r\n                <numbers>5,9-sec. 0-60 mph</numbers>\r\n                <numbers>Top Speed 186mph (300kmh) (electronically limited)</numbers>\r\n            </list>\r\n\r\n", 
            "design_title": "The PPI PS TT Coupe", 
            "language": 1, 
            "specs_title": "Technical Specifications", 
            "car": 3, 
            "gallery_title": "The PPI PS TT Coupe", 
            "specs_title_extra": "", 
            "gallery_title_extra": "", 
            "design_description": "<subsection>World premiere at the Essen Motor Show 2007</subsection>\r\n            <subsection>The PPI PS TT Coupe \u2013 the second generation</subsection>\r\n            \r\n            <generic>The history of PPI Automotive Design is inextricably linked with the Audi TT. The PPI RS TT was the name given to the first generation of Audi TTs tuned by PPI, which became the top seller and foundation for the success of this Audi tuning specialist from Swabia, Germany. With the PPI PS TT, PPI is now following up on this success story, and is presenting the second generation. Equipped with an innovative and sporty design, this handsome car is making its debut at this year\u2019s Essen Motor Show. You might be tempted to think that interior values would only play an inferior role. If so, you would be wrong \u2013 the PPI PS TT offers advanced, masterful technology and driving pleasure which will satisfy even the most discerning requirements.</generic>\r\n            \r\n            <subsection>Fresh design in proven quality</subsection>\r\n            <generic>Needless to say, in developing the PPI PS TT, utmost attention has also been paid to ensuring its aerodynamic efficiency. By way of example, the body kit components have been perfectly coordinated with each other. The result is a lift-reducing, custom design with perfect surface quality. One component of the body kit is the sporty and dynamic front apron. The integrated front lip channels the air to cooling inlets and makes the car look lower on the ground.</generic>\r\n            \r\n            <generic>A striking eye-catching feature and aerodynamic aide at the front end is the innovative windscreen spoiler. The PPI side sills provide a visual link between the front and rear end. These not only reduce the air stream between the axles, but also lend the PPI PS TT a powerful look, even when stationary. PPI has developed a rear diffuser specifically for the original rear apron. This accommodates the four tailpipes of the PPI sport exhaust system and, in conjunction with the rear spoiler I, produces additional downforce at the rear axle. A multi-piece rear spoiler II made from carbon fibre is also available as an option. Further carbon fibre trim components, such as the door mirror housing and the tail panel fascias, complete the aerodynamic package.</generic>\r\n            \r\n            <subsection>Advanced technology for supreme power increase</subsection>\r\n            <generic>At the heart of PPI\u2019s comprehensive tuning suite is the performance kit I for the 2.0 l Turbo FSI engine of the Audi TT. 191 kW / 260 bhp and 390 Nm torque are performance figures that are also clearly noticeable on the stopwatch. Sprinting in 6.1 seconds to 100 km/h, the PPI PS TT is half a second faster than its production counterpart. Governed by the maximum speed, the car is capable of a top speed of 250 km/h.</generic>\r\n            \r\n            <subsection>Wheels and suspension \u2013 components for optimum road holding and a stylish look</subsection>\r\n            <generic>To meet the specific requirements of the PPI PS TT, PPI offers a combination for significantly enhanced handling, plus an exclusive visual appearance. The black, single-piece PPI Formula wheel in the dimension 8.5 x 19 ET 48 lends the vehicle an aggressive look. Michelin Pilot Sport2 size 235/35 ZR19 tyres provide the guarantee for perfect grip. Lowering the car\u2019s centre of gravity by 30 mm by fitting PPI sports springs also enhances the handling significantly. A sports braking system with larger discs and multi-piston brake callipers is already undergoing trials.</generic>\r\n            \r\n            <subsection>Interior design without limits</subsection>\r\n            <generic>One highlight of the interior is the newly designed \u2013 in terms of its ergonomics \u2013 PPI \u201cIdentity\u201d sports steering wheel. Thanks to its new shape, it is far easier to grip, whilst still offering all the functions of the production steering wheel. Whether customers are looking for a stylish or sporty finish, PPI offers the right design to suit every taste in interiors. Whether this is carbon fibre or walnut, leather or Alcantara. Upon request, PPI\u2019s own saddler\u2019s workshop can offer everything to set the heart beating. From a set of personalised floor mats through to full leather upholsteries \u2013 everything precision hand-crafted. Custom designed for you and fitted in your vehicle by expert hand.</generic>\r\n", 
            "design_title_extra": ""
        }
    }, 
    {
        "pk": 6, 
        "model": "app_program.language", 
        "fields": {
            "specs_description": "<section>Motor</section>\r\n            <generic>1.8L DOHC 20 Ventile, 4-Zylinder</generic>\r\n\r\n            <section>Motorenmodifikation</section>\r\n            <generic>Silikon Schl\u00e4uche, modifizierte Ablassventile, verbesserte Benzineinspritzung, Benzindruckregler, Motorabdeckung aus Kohlefaser, Sportluftfilter, Edelstahlauspuffanlage, diverse verst\u00e4rkte Anbauteile, Zylinderkopf und Ansaugbr\u00fccke aus Kohlefaser.</generic> \r\n\r\n            <section>Motorenmanagement</section>\r\n            <generic>Leistungssteigerndes Motorentuning durch Neuprogrammierung der Steuerungseinheit.</generic>\r\n\r\n            <section>Getriebe</section>\r\n            <generic>Schaltwegverk\u00fcrzung, Drehmomentwandler.</generic>\r\n\r\n            <section>Karosserie</section>\r\n            <generic>Kevlarverst\u00e4rkte Frontsch\u00fcrze, Aluminium Grill, RS K\u00fchlergrill mit Bremsleitungen, T\u00fcrzierleisten aus Kohlefaser (auch in Aluminum und Titanium erh\u00e4ltlich), kevlarverst\u00e4rkte Hecksch\u00fcrze mit integriertem Sportreflektor (optional in Kohlefaser mit PPI Logo) und Lippe (auch in Aluminum und Titanium erh\u00e4ltlich), Auspuffdiffusor aus Kohlefaser, Spiegelgeh\u00e4use ebenfalls aus Kohlefasser (auch in Aluminium und Titanium erh\u00e4ltlich), Kohlefaserspiegelf\u00fc\u00dfe (auch in Aluminum und Titanium erh\u00e4ltlich), Xenonscheinwerfersystem, Hauptscheinwerfer mit Angel-Eye-Einsatz, LED Blinker und R\u00fccklichter.</generic> \r\n\r\n            <section>Fahrwerk</section>\r\n            <generic>Gewindefahrwerk</generic>\r\n\r\n            <section>Reifen, Felgen</section>\r\n            <generic>Vorne und hinten 8.5 x 18 PPI Formula ET25 Felgen mit poliertem Horn und matt schwarzem Stern oder in Silber. 225/40 ZR18 Michelin Pilot Sport2 Reifen.</generic>\r\n\r\n            <section>Bremsen</section>\r\n            <subsection>PPI modifiziertes Brembo Bremssystem:</subsection>\r\n            <generic>Vorne 322x32mm gelochte Bremsscheiben mit 4-Kolbenbremssattel</generic>\r\n\r\n            <section>Innenausstattung</section>\r\n            <generic>Leder/Alcantara Vollausstattung, individuell bezogene Recaro Sportsitze, 3 farbiges Leder/Alcantara Lenkrad, Lederkombination f\u00fcr Schaltknauf und \u2013sack, Alcantarahimmel, lederbezogene Armlehnen, Integrierte Ladedruckanzeige, Kohlefasereinstiegsleisten mit PPI Aluminumeinsatz, PPI bestickte Fu\u00dfmatten, alle Stickereien sind passend zur Au\u00dfenfarbe erh\u00e4ltlich.</generic> \r\n\r\n            <section>Zahlen</section>\r\n            <list>\r\n                <numbers>285 PS (213kW) bei 6600 U/Min</numbers>\r\n                <numbers>440 Nm bei 2100-4500 U/Min</numbers>\r\n                <numbers>0 \u2013 100 km/h: 5.5 Sek.</numbers>\r\n            </list>\r\n\r\n", 
            "design_title": "Der PPI PS TT COUPE", 
            "language": 2, 
            "specs_title": "Technische Daten", 
            "car": 3, 
            "gallery_title": "Der PPI PS TT COUPE", 
            "specs_title_extra": "", 
            "gallery_title_extra": "", 
            "design_description": "<subsection>Weltpremiere auf der Essen Motorshow 2007</subsection>\r\n            <subsection>Das PPI PS TT Coupe - die zweite Generation</subsection>\r\n            \r\n            <generic>Die Geschichte von PPI Automotive Design ist untrennbar mit dem Audi TT verbunden. PPI RS TT hie\u00df der von PPI getunte Audi TT der ersten Generation der zum Verkaufsschlager und Grundstein des Erfolgs f\u00fcr die schw\u00e4bischen Audi-Tuner wurde. Mit dem PPI PS TT kn\u00fcpft PPI nun an diese Erfolgsgeschichte an und pr\u00e4sentiert die zweite Generation. Ausgestattet mit einem innovativen und sportlichen Design deb\u00fctiert der automobile Sch\u00f6nling auf der diesj\u00e4hrigen Essen Motorshow. Man k\u00f6nnte meinen die inneren Werte w\u00fcrden nur eine untergeordnete Rolle spielen. Falsch gedacht \u2013 der PPI PS TT bietet ausgereifte, souver\u00e4ne Technik und offeriert Fahrfreude f\u00fcr h\u00f6chste Anspr\u00fcche.</generic>\r\n            \r\n            <subsection>Frisches Design in bew\u00e4hrter Qualit\u00e4t</subsection>\r\n            <generic>Nat\u00fcrlich wurde bei der Entwicklung des PPI PS TT auch gr\u00f6\u00dften Wert auf die aerodynamische Effizienz gelegt. So wurden die Karosseriekomponenten perfekt aufeinander abgestimmt. Das Resultat: Ein Auftrieb reduzierendes, individuelles Design in perfekter Oberfl\u00e4chenqualit\u00e4t. Ein Bestandteil des Body-Kits ist die sportlich-dynamische Frontsch\u00fcrze. Die integrierte Frontlippe kanalisiert die Luft zu den K\u00fchl\u00f6ffnungen und l\u00e4sst das Fahrzeug optisch noch tiefer liegen.</generic>\r\n            \r\n            <generic>Markanter Blickfang und aerodynamischer Kunstgriff der Frontpartie ist der innovative Frontscheibenspoiler. Optisches Bindeglied zwischen Front und Heck bilden die PPI-Seitenschweller. Diese beruhigen nicht nur den Luftstrom zwischen den Achsen, sondern geben dem PPI PS TT schon im Stand ein kraftvolles Aussehen. Speziell f\u00fcr die Original-Hecksch\u00fcrze entwickelte PPI einen Heckdiffusor. Dieser macht Platz f\u00fcr die vier Endrohre der PPI-Sportauspuffanlage und generiert mit dem Heckspoiler I zus\u00e4tzlichen Abtrieb an der Hinterachse. Wahlweise gibt es einen aus Carbon gefertigten, mehrteiligen Heckspoiler II. Weitere Sichtcarbonteile wie Spiegelgeh\u00e4use oder Heckabschlussblenden vervollst\u00e4ndigen das Aerodynamik-Paket.</generic>\r\n            \r\n            <subsection>Ausgereifte Technik f\u00fcr souver\u00e4nen Leistungszuwachs.</subsection>\r\n            <generic>Mit dem Leistungskit I f\u00fcr den 2,0 L Turbo FSI Motor des Audi TT  liefert PPI das Herzst\u00fcck des umfangreichen Tuningprogramms. 191 kW / 260 PS und 390 Nm Drehmoment sind Kennzahlen die sich auch auf der Stoppuhr deutlich bemerkbar machen. Mit 6,1 Sekunden beim Spurt auf 100 km/h ist der  PPI PS TT um eine halbe Sekunde schneller als sein Serienpendant. Abgeregelt durch die Maximaldrehzahl ist bei 250 km/h die H\u00f6chstgeschwindigkeit erreicht.</generic>\r\n            \r\n            <subsection>R\u00e4der und Fahrwerk \u2013 Komponenten f\u00fcr beste Stra\u00dfenlage und feine Optik</subsection>\r\n            <generic>Speziell f\u00fcr die Anforderungen des PPI PS TT bietet PPI eine Kombination f\u00fcr ein deutlich besseres Handling sowie eine exklusive Fahrzeugoptik. Das schwarze, einteilige PPI- Formula Rad in der Dimension 8,5 x 19 ET 48 verleiht dem Fahrzeug einen aggressiven Look. Michelin Pilot Sport2-Reifen der Gr\u00f6\u00dfe 235/35 ZR19 sind Garant f\u00fcr optimalen Grip. Mit der Absenkung des Fahrzeugschwerpunkts um 30 mm durch die PPI-Sportfedern wird das Handling ebenfalls deutlich verbessert. Eine Sportbremsanlage mit gr\u00f6\u00dferen Scheiben und Mehrkolben-Bremss\u00e4tteln ist bereits in der Erprobungsphase.</generic>\r\n            \r\n            <subsection>Interieurgestaltung ohne Limits</subsection>\r\n            <generic>Ein Highlight des Interieurs bildet das in seiner Ergonomie neu gestaltete PPI \u201eIdentity\u201c -Sportlenkrad. Durch seine neue Form liegt es deutlich besser in der Hand und bietet dennoch alle Funktionen des Serienlenkrades. Ob edel oder sportlich \u2013 PPI offeriert f\u00fcr jeden Interieur-Geschmack das Passende. Ob Carbon oder Wurzelholz, Leder oder Alcantara. Auf Wunsch gibt es aus der eigenen Sattlerei alles was das Herz h\u00f6her schlagen l\u00e4sst. Vom personalisierten Fu\u00dfmattensatz bis hin zur Komplettlederausstattung, alles in handwerklicher Pr\u00e4zision gefertigt. Individuell f\u00fcr Sie designed und von Meisterhand in Ihr Fahrzeug integriert.</generic>\r\n\r\n", 
            "design_title_extra": ""
        }
    }, 
    {
        "pk": 7, 
        "model": "app_program.language", 
        "fields": {
            "specs_description": " <section>Engine</section>\r\n            <generic>1.8L DOHC 20-valve 4-cylinder turbo</generic>\r\n            \r\n            <section>Engine Modifications</section>\r\n            <generic>PPI water and air-cooled turbo, Silicone Hoses, Modified Blow-off valve, Fuel pressure regulator, higher flow fuel injectors, Air filter, Carbon fiber air box cover, stainless steel down-pipe, stainless steel exhaust system, strengthened internals, carbon fiber cylinder head/intake covers</generic>\r\n            \r\n            <section>Engine Management</section>\r\n            <list>\r\n                    Reprogrammed ECU\r\n                    Transmission and Modifications\r\n                    Short shift kit for 6-speed transmissions. Rear-biased torque converter.\r\n            </list>\r\n            \r\n            <section>Exterior Modifications</section>\r\n            <generic>PPI (front Kevlar reinforced bumper, aluminum grille, RS-intercooler grille covers with brake ducts, rear brake cooling side sills, carbon fiber lower door trim (aluminum and titanium finishes available), rear Kevlar reinforced bumper with integrated sport reflector (optional carbon fiber lens with PPI raised logo), carbon fiber air slits (aluminum and titanium finishes available), lower carbon fiber exhaust diffuser, speed activated hydraulic rear carbon fiber spoiler, carbon fiber mirror housings (aluminum and titanium finishes available), carbon fiber mirror pods (aluminum and titanium finishes available), Xenon Headlight system, headlight and taillight lenses with LED turn signal lights, LED Angel-eye city light, LED side marker lights, LED rear brake lights.</generic>\r\n             \r\n            <section>Suspension</section>\r\n            <generic>Upgraded progressive rate height-and-damper adjustable suspension.</generic>\r\n             \r\n            <section>Wheels, Tires</section>\r\n            <generic>(f/r)  18x8.5-in. PPI Formula ET25 wheels with polished lip and matte black centers. With 225/40 ZR18 Michelin Pilot Sport2 tires</generic>\r\n             \r\n            <section>Brakes</section>\r\n            <generic>PPI Brembo-specified brake system 328x32mm (12.9in) Front Cross-Drilled Ventilated Rotors with 4-piston calipers 232x10mm (9.13in) Rear Cross-Drilled Ventilated Rotors with single piston calipers</generic>\r\n             \r\n            <section>Interior</section>\r\n            <generic>Leather/alcantara full interior package, reupholstered Recaro seats, 3-color leather/alcantara steering wheel, leather shift knob and shift boot, alcantara headliner, instrument cluster, leather covered armrest, carbon fiber threshold plates with PPI aluminum inserts, integrated turbo vent gauge, PPI embroidered floor mats. PPI numbered aluminum plaque on glove box, All stitching matched to exterior color.</generic>\r\n             \r\n            <section>Numbers</section>\r\n            <list>\r\n                    <numbers>355hp (265kW) @6,600 rpm</numbers>\r\n                    <numbers>325 lb-ft (440 Nm) @2,500-5,500 rpm</numbers>\r\n                    <numbers>4.9-sec. 0-60 mph</numbers>\r\n            </list>\r\n\r\n", 
            "design_title": "PPI RSTT", 
            "language": 1, 
            "specs_title": "TECHNICAL SPECIFICATIONS", 
            "car": 4, 
            "gallery_title": "PPI RSTT", 
            "specs_title_extra": "PPI RS TT Coupe (Based on 1.8L TT)", 
            "gallery_title_extra": "", 
            "design_description": "<generic>In November 2004, PPI Automotive Design GmbH presented the PPI RS TT Coupe at the Essen Motorshow.  This unique and exclusive coupe is a complete redesign, inside and out of the original Audi TT coupe.  The PPI redesign refreshes and updates the complete look and performance of the coupe, creating a truly unique sports car.  The car is the embodiment of our passion for Audi products, and a no-expense spared approach to producing the final product for immediate release to the tuning, automotive, and auto-enthusiast community.  In total, PPI Automotive Design GmbH produced 272 individual parts for the Audi TT.</generic>\r\n            \r\n            <generic>PPI Automotive Design, Precision, Performance, Individuality\u2026\u2026Design with performance and functionality.(The following are included in a complete PPI RS TT, parts can be ordered individually or as a complete vehicle)</generic>\r\n             \r\n            <section>PPI RS TT Exterior Design</section>\r\n            <generic>Front Bumper features larger cold air openings for intercooler, while updating the look of the TT with a very bold statement of performance and design. The PPI grill enhances the look of the car optically as well, making the car appear wider and bolder. The lower air intakes are larger and provide greater cooling for the intercoolers and additional brake system cooling.</generic>\r\n            \r\n            <generic>There are optional PPI brake duct inserts to direct air for brake and caliper cooling.  The lower lip on the front bumper was designed to produce a wrap around airflow into the lower air channels, and prevent lift from the front while the car is at speed.</generic>\r\n            \r\n            <generic>Rear Bumper provides a strikingly new and unique design.  The complete replacement rear bumper features an integrated sports reflector (available in optional matte carbon fiber trim), and air channels located below the rear taillights that purges air from the wheel well arches, thereby reducing lift and increasing rear end stability. The air exiting through the channels are directed by carbon fiber inserts (which are also available in Titanium and Aluminum Finishes) </generic>\r\n            \r\n            <generic>Rear Spoiler is electronically activated at speed, to provide extra downforce at the rear and insure the car is stable at high speeds.  This unique spoiler is made of matte carbon fiber to keep weight down to a minimum and has been tested at maximum speeds for stability and effectiveness.</generic>\r\n             \r\n            <generic>PPI Brake Cooling Side Sills are another example of design and function. They provide an air channel to cool the rear brake system, at the same time provide a more aggressive flared emphasis of the cars presence on the road.</generic>\r\n             \r\n            <generic>Side Door Filler Panels were created to reduce air turbulence at the lower edge of the doors, and help channel the air through the PPI side sills.  The piece is available in body color or matte carbon fiber, Titanium or Aluminum finishes for a dramatic and sporty contrast. Mirror Housings are available in Titanium, Aluminum finish or matte Carbon fiber.</generic>\r\n             \r\n            <section>Performance and Handling:</section>\r\n            <generic>RS TT Engine 1.8 Liter, 5V 355/26 355PS, 440Nm (325lb-ft) PPI26.600  Water and oil cooled turbocharger, with Stainless Steel downpipe, Stainless Steel exhaust system, modified air intake and high flow delivery system, strengthened engine internals, modified engine control unit. To complement the exterior styling, the engine is trimmed with a carbon fiber plenum cover and features a matching carbon fiber cover for the airbox.</generic>\r\n             \r\n            <generic>Tire and Wheel upgrades: PPI is pleased to offer full tire and wheel upgrades featuring PPI Formula five spoke wheels available currently with an aggressive black finish in 8.5 x 18 ET25 with Michelin PilotSport2 in 225/40ZR18.  We are also offering BBS LeMans in 8.5 x 19 ET25 with Michelin PilotSport2 in 235/35ZR19.</generic>\r\n             \r\n            <section>Brake and Suspension System</section>\r\n            <list>\r\n                    <item>Is a specified 328 x 32mm Brake System from Brembo.  The system is also available with a more aggressive Race brake pad compound (for higher operating temperatures).</item> \r\n                    <item>Progressive sport suspension with height and damper adjustability for individual settings.</item> \r\n            </list>\r\n             \r\n            <section>PPI Custom Interiors</section>\r\n            <generic>We offer our customers a complete solution for all their interior customization needs.  The PPI production  RS TT car combines a very sporty and elegant interior that matches and continues the expression of the outward appearance of the car to the interior.  Giving the driver the true feeling of sitting behind the wheel of a very unique car \u2013 tailor made for the individual.  We offer full leather interiors available in every color or in color combinations similar to the interior found in the PPI production car.  In addition, we offer a complement of racing seat upgrades \u2013 and specifically provide any Recaro seat in any specified color and/or pattern, interior integrated roll bar (currently in production), steering and gear lever upgrades, and leather covered center armrest. The PPI production RS TT features a full alcantara interior roof, front and rear seats re-upholstered in leather with alcantara and perforated leather inserts \u2013 featuring a 3 color theme found throughout the interior and the side panels, including the doors and rear panels and all stitched to match the exterior paint of the car. In addition, floor mats, alcantara instrument cluster, and 3 color sport steering wheel with perforated leather for better comfort and grip.  The interior is finished off with the branded PPI logo into the leather, beautiful unique PPI carbon fiber threshold plates and a PPI aluminum production number (for completed cars only).</generic> \r\n            \r\n            <section>PPI Electronics upgrade</section> \r\n            <generic>PPI offers a turbo gauge upgrade that is integrated into the interior, and gives the driver important information about the status of the engine. Headlight and Rear Tail Lenses incorporates LED turn signal indicators, LED brake lights, XENON headlight system, and LED halo city lights.</generic>\r\n\r\n", 
            "design_title_extra": "(based on AUDI TT 1.8L)"
        }
    }, 
    {
        "pk": 8, 
        "model": "app_program.language", 
        "fields": {
            "specs_description": "<section>Motor</section>\r\n            <generic>1.8L DOHC 20 Ventile, 4-Zylinder</generic>\r\n            \r\n            <section>Motorenmodifikation</section>\r\n            <generic>Luft- und Wassergek\u00fchlter PPI Turbolader, Silikon Schl\u00e4uche, modifizierte Ablassventile, verbesserte Benzineinspritzung, Benzindruckregler, Motorabdeckung aus Kohlefaser, Sportluftfilter, Edelstahlauspuffanlage, diverse verst\u00e4rkte Anbauteile, Zylinderkopf und Ansaugbr\u00fccke aus Kohlefaser.</generic>\r\n            \r\n            <section>Motorenmanagement</section>\r\n            <generic>Leistungssteigerndes Motorentuning durch Neuprogrammierung der Steuerungseinheit.</generic>\r\n            \r\n            <section>Getriebe</section>\r\n            <generic>Schaltwegverk\u00fcrzung, Drehmomentwandler.</generic>\r\n            \r\n            <section>Karosserie</section>\r\n            <generic>Kevlarverst\u00e4rkte Frontsch\u00fcrze, Aluminium Grill, RS K\u00fchlergrill mit Bremsleitungen, Seitenschweller mit integrierter K\u00fchlung f\u00fcr die hintere Bremse, T\u00fcrzierleisten aus Kohlefaser (auch in Aluminum und Titanium erh\u00e4ltlich), kevlarverst\u00e4rkte Hecksch\u00fcrze mit integriertem Sportreflektor (optional in Kohlefaser mit PPI Logo) und Lippe (auch in Aluminum und Titanium erh\u00e4ltlich), Auspuffdiffusor aus Kohlefaser, Kohlefaserheckspoiler der sich abh\u00e4ngig von der Geschwindigkeit selbst ausf\u00e4hrt, Spiegelgeh\u00e4use ebenfalls aus Kohlefasser (auch in Aluminium und Titanium erh\u00e4ltlich), Kohlefaserspiegelf\u00fc\u00dfe (auch in Aluminum und Titanium erh\u00e4ltlich), Xenonscheinwerfersystem, Hauptscheinwerfer mit Angel-Eye-Einsatz, LED Blinker und R\u00fccklichter.</generic>\r\n            \r\n            <section>Fahrwerk</section>\r\n            <generic>Gewindefahrwerk mit Zug- und Druckregelung.</generic>\r\n            \r\n            <section>Reifen, Felgen</section>\r\n            <generic>Vorne und hinten 8.5 x 18 PPI Formula ET25 Felgen mit poliertem Horn und matt schwarzem Stern oder in Silber. 225/40 ZR18 Michelin Pilot Sport2 Reifen.</generic>\r\n            \r\n            <section>Bremsen</section>\r\n            <subsection>PPI modifiziertes Brembo Bremssystem:</subsection>\r\n            <list>\r\n                    <item>Vorne 328x32mm gelochte Bremsscheiben mit 4-Kolbenbremssattel</item>\r\n                    <item>Hinten 232x10mm gelochte Bremsscheibe mit Kolbenbremssattel</item>\r\n            </list>\r\n            \r\n            <section>Innenausstattung</section>\r\n            <generic>Leder/Alcantara Vollausstattung, individuell bezogene Recaro Sportsitze, 3 farbiges Leder/Alcantara Lenkrad, Lederkombination f\u00fcr Schaltknauf und \u2013sack, Alcantarahimmel, lederbezogene Armlehnen, Integrierte Ladedruckanzeige, Kohlefasereinstiegsleisten mit PPI Aluminumeinsatz, PPI bestickte Fu\u00dfmatten, alle Stickereien sind passend zur Au\u00dfenfarbe erh\u00e4ltlich. </generic>\r\n            \r\n            <section>Zahlen</section>\r\n            <list>\r\n                    <numbers>355 PS (265kW) bei 6600 U/Min</numbers>\r\n                    <numbers>440 Nm bei 2500-5500 U/Min</numbers>\r\n                    <numbers>0 \u2013 100 km/h: 4.9 Sek.</numbers>\r\n            </list>\r\n\r\n", 
            "design_title": "PPI RSTT", 
            "language": 2, 
            "specs_title": "Technische Daten", 
            "car": 4, 
            "gallery_title": "PPI RSTT", 
            "specs_title_extra": "PPI RSTT (Basis 1.8 AUDI TT quattro)", 
            "gallery_title_extra": "", 
            "design_description": "<generic>Im November 2004 pr\u00e4sentierte die PPI AUTOMOTIVE DESIGN GmbH das PPI RSTT Coupe auf der Essener Motorshow. Dieses einzigartige und exklusive Fahrzeug ist eine v\u00f6llige Neuinterpretation des originalen AUDI TT Coupes. Der PPI RSTT erfrischt und verbessert den Look und die Performance des TT; ein wirklich einzigartiger Sportwagen ist entstanden.</generic>\r\n            \r\n            <generic>Der Schwerpunkt unseres Bestrebens lag in der Steigerung der Stabilit\u00e4t und des Handlings, ohne Kompromisse beim Spa\u00dffaktor und bei der Sportlichkeit in Kauf zu nehmen. Dieses Fahrzeug ist die Verk\u00f6rperung unserer Leidenschaft f\u00fcr Produkte aus dem Hause AUDI. Wir haben keinen Aufwand gescheut um dieses Endprodukt gleicherma\u00dfen f\u00fcr die Tuningszene, die Automobilbranche und den Automobilenthusiasten zu erschaffen. Im Ganzen hat PPI AUTOMOTIVE DESIGN 272 individuelle Produkte f\u00fcr den AUDI TT hergestellt</generic> \r\n             \r\n            <generic>PPI AUTOMOTIVE DESIGN Pr\u00e4zision, Potenzial, Individualit\u00e4t... Design kombiniert mit Leistung und Funktionalit\u00e4t. (Die unten aufgelisteten Produkte sind Bestandteil eines kompletten PPI RSTT, k\u00f6nnen sowohl einzeln als auch als Komplettfahrzeug geordert werden. F\u00fcr Coupe und Roadster)</generic> \r\n             \r\n            <section>PPI RSTT Exterieur</section>\r\n            <generic>Die Fronsto\u00dftange besteht aus gr\u00f6\u00dferen Lufteinl\u00e4ssen f\u00fcr den Ladeluftk\u00fchler und optimiert mit seiner sehr mutigen Illustration von Leistung und Design gleichzeitig den Look des TT. Der PPI-Frontgrill wertet das optische Erscheinungsbild des Fahrzeugs auf und l\u00e4sst es breiter und furchtloser wirken. Die unteren Ansaug\u00f6ffnungen sind gr\u00f6\u00dfer als in der Serie und nun auch funktional - Sie f\u00fchren dem Bremssystem die ben\u00f6tigte Luft zu. Auf Wunsch gibt es PPI-Eins\u00e4tze (erh\u00e4ltlich in Karbon oder Wagenfarbe) zur Anbringung von Nebelscheinwerfern oder einem Direktkanal f\u00fcr die K\u00fchlung der Bremsscheiben und Bremss\u00e4ttel. Die Frontlippe wurde entworfen um den Fahrtwind in die unteren Luftkan\u00e4le umzuleiten und den Auftrieb zu unterdr\u00fccken.</generic> \r\n             \r\n            <generic>Die Hecksto\u00dfstange stellt ein plakativ neues und einzigartiges Design dar. Sie ist komplett \u00fcberarbeitet und besteht aus einem Sportreflektor (auf Wunsch in Karbonverkleidung erh\u00e4ltlich), Luftkan\u00e4len unter den Heckleuchten, welche die Luftstr\u00f6mungen aus den Radk\u00e4sten abf\u00fchren, somit den Auftrieb reduzieren und die Heckstabilit\u00e4t erh\u00f6hen. Die Luft, die aus den Kan\u00e4len austritt wird von Karboneins\u00e4tzen hinaus gef\u00fchrt (auf Wunsch in Aluminium oder Titan Finish).</generic> \r\n             \r\n            <generic>Der Heckspoiler wird w\u00e4hrend der Fahrt elektronisch aktiviert um dem Heck zus\u00e4tzlichen Anpressdruck zu verleihen und sicher zu stellen, dass das Fahrzeug bei hohen Geschwindigkeiten stabil bleibt. Dieser einzigartige Spoiler wird zur Gewichtsreduzierung aus Karbon hergestellt. Bei H\u00f6chstgeschwindigkeit erlangten Tests zufolge, wird ihm Stabilit\u00e4t und Effektivit\u00e4t gew\u00e4hrleistet.</generic> \r\n             \r\n            <generic>Die PPI-Bremsk\u00fchl-Seitenschweller sind ein weiteres Beispiel f\u00fcr Design und Funktionalit\u00e4t. Sie beliefern die hinteren Bremssysteme mit Frischluft durch einen Kanal, gleichzeitig setzt somit das Fahrzeug einen aggressiven Akzent auf den Stra\u00dfen dieser Welt.</generic> \r\n             \r\n            <generic>Au\u00dfent\u00fcreins\u00e4tze reduzieren Luftverwirbelungen an den unteren Flanken der T\u00fcren und tragen dazu bei die PPI-Seitenschweller mit gen\u00fcgend Luft zu versorgen. Erh\u00e4ltlich in Wagenfarbe oder mattem Karbon f\u00fcr einen tief greifenden und sportlichen Kontrast.</generic> \r\n             \r\n            <generic>Spiegelgeh\u00e4use sind ebenfalls in Aluminium oder mattem Karbon erh\u00e4ltlich.</generic>\r\n             \r\n             \r\n            <section>Performance und Handling</section>\r\n            <generic>RSTT Motor 1.8 Liter, 5V 355 PS, 440Nm, PPI 26.600, Wasser- und \u00d6lgek\u00fchlter Turbolader, Edelstahl-Hosenrohr, Edelstahl-Sportauspuffanlage, ge\u00e4ndertes Ansaugrohr, verst\u00e4rkte Motor-Anbauteile, ge\u00e4ndertes Steuerger\u00e4t. Als Erg\u00e4nzung zum Exterieur-Styling sind der Motor und der Luftfilter mit einer Abdeckung aus Karbon ausgestattet.</generic>\r\n            \r\n            <generic>R\u00e4der und Reifen: PPI Formula 5-Arm-Felge in aggressivem Schwarz oder Silber.</generic>\r\n            \r\n            <generic>8.5 x 18 ET25 mit MichelinPilotSport 2 in 225/40 ZR 18 oder 8.5 x 19 ET40 mit MichelinPilotSport 2 in 235/35 ZR 19. Erh\u00e4ltlich auch BBS LeMans in 18 und 19 Zoll.</generic>\r\n             \r\n            <section>Bremsen und Fahrwerk</section>\r\n            <generic>Spezielles Brembo 328 x 32mm \u2013Bremssystem. Dieses System ist auch mit leistungsf\u00e4higeren Rennbremsbel\u00e4gen lieferbar (f\u00fcr h\u00f6her wirkende Temperaturen). Progressive Sportfedern und Distanzscheiben optimieren das Fahrverhalten von Coupe und Roadster.</generic> \r\n             \r\n            <section>PPI Custom Interieur</section>\r\n            <generic>Wir erm\u00f6glichen unseren Kunden eine Komplettl\u00f6sung \u2013 ganz individuell nach Ihren Vorstellungen hinsichtlich Farben, Material und Kombination. Der PPI RSTT vereint ein sehr sportliches und elegantes Interieur mit dem \u00e4u\u00dferen Erscheinungsbild und setzt somit diesen Akzent im Innenraum fort. Es gibt dem Fahrer das ehrliche Gef\u00fchl hinter dem Steuer eines einzigartigen Fahrzeugs zu sitzen \u2013 ma\u00dfgeschneidert auf die Bed\u00fcrfnisse eines Individualisten.</generic> \r\n            \r\n            <generic>Zus\u00e4tzlich bieten wir eine Vielzahl an Rennsitzen an \u2013 speziell RECARO - Sitze in jeder gew\u00fcnschten Farbe und/oder Muster, \u00dcberrollb\u00fcgel, Lenkr\u00e4der, Schalthebel und Lederbezogene Mittelarmlehnen.  Das PPI RSTT Coupe weist Vorder- und R\u00fccksitze aus neu bezogenem Leder, Alcantara- und perforierten Ledereins\u00e4tzen auf. \u2013 Das 3-Farben-Thema wird im kompletten Innenraum fortgesetzt: Seitenverkleidungen, T\u00fcren, Heckverkleidung; abgesetzt mit N\u00e4hten in Wagenfarbe.  versehen, wundersch\u00f6ne PPI-Karbon-Einstiegsleisten und PPI-Aluminium-Produktionsnummer (nur f\u00fcr Komplettfahrzeuge)</generic> \r\n             \r\n            <section>PPI Elektronik</section>\r\n            <generic>PPI bietet eine in das Armaturenbrett integrierte Ladedruckanzeige an, die den Fahrer \u00fcber den Motorstand informiert. Frontscheinwerfer und Heckleuchten mit integrierten LED-Blinkleuchten, LED-Bremsleuchten XENON-Scheinwerfer und LED-Tagfahrlicht: Des Weiteren Fu\u00dfmatten, Kombiinstrument aus Alcantara, ein 3-farbiges Sportlenkrad aus perforiertem Leder f\u00fcr bessere Griffigkeit und Komfort. Die Innenausstattung ist mit eingelassenen PPI-Logos im Leder</generic> ", 
            "design_title_extra": "(Basis AUDI TT 1.8 quattro)"
        }
    }, 
    {
        "pk": 1, 
        "model": "app_program.labels", 
        "fields": {
            "shop": "Online Shop", 
            "design": "Design Studies", 
            "specs": "Vehicle Specifications", 
            "language": 1, 
            "gallery": "Gallery Images"
        }
    }, 
    {
        "pk": 2, 
        "model": "app_program.labels", 
        "fields": {
            "shop": "Online Shop", 
            "design": "Design Studien", 
            "specs": "Technische Daten", 
            "language": 2, 
            "gallery": "Galerie"
        }
    }, 
    {
        "pk": 1, 
        "model": "app_company.companypage", 
        "fields": {
            "name": "vdat", 
            "order": 9
        }
    }, 
    {
        "pk": 2, 
        "model": "app_company.companypage", 
        "fields": {
            "name": "imprints", 
            "order": 8
        }
    }, 
    {
        "pk": 3, 
        "model": "app_company.companypage", 
        "fields": {
            "name": "terms", 
            "order": 7
        }
    }, 
    {
        "pk": 6, 
        "model": "app_company.companypage", 
        "fields": {
            "name": "legal", 
            "order": 5
        }
    }, 
    {
        "pk": 5, 
        "model": "app_company.companypage", 
        "fields": {
            "name": "copies", 
            "order": 6
        }
    }, 
    {
        "pk": 7, 
        "model": "app_company.companypage", 
        "fields": {
            "name": "jobs", 
            "order": 3
        }
    }, 
    {
        "pk": 8, 
        "model": "app_company.companypage", 
        "fields": {
            "name": "founder", 
            "order": 1
        }
    }, 
    {
        "pk": 9, 
        "model": "app_company.companypage", 
        "fields": {
            "name": "philosophy", 
            "order": 4
        }
    }, 
    {
        "pk": 1, 
        "model": "app_company.languagepref", 
        "fields": {
            "menu": "Member of VDAT", 
            "company": 1, 
            "description": " <generic>PPI Automotive Design GmbH is a member of the prestigious VDAT - Association of German Automobile Tuners</generic>\r\n    \r\n    <generic>The VDAT Association was founded in 1987.  The VDAT e.V. is not only interested in reperesentation of the most renowned tuners of the world - this worldwide association of the tuning branch is also available for the end users to assist in advice and action.  To this end, there was the introduction of the VDAT e.V. seal of approval.  With this seal of approval it became obvious - and immediately visible for the end user - taht this is a \"quality product of a VDAT member\" as the most important reason for the introduction of the VDAT seal of approval was explained by the management of VDAT e.V.</generic>\r\n    \r\n    <generic>The VDAT protects the end users as well as the members against the unserious actions in shape of \"product-bootlegs\", since cheaper quality copies are a threat to life or physical condition and can harm the life and body of unsuspecting users!</generic>\r\n    \r\n    <section>Acheivements of the VDAT (taken from the VDAT website)</section>\r\n    <generic> During the establishment of the VDAT in the year of 1987 it went mainly around representing the interests of the Tuning industry opposite the TUV.  But the work of the Association of German Automible Tuners is substatially more varied.  etc.</generic>\r\n    \r\n    \r\n    <section>The power spectrum of the VDAT registered association in the overview:</section>\r\n    \r\n    <list>\r\n    \t<item>Lobbyin and world-wide protection of interestes</item>\r\n    \t<item>with institituions</item>\r\n    \t<item>in legal matters</item>\r\n    \t<item>whatever</item>\r\n    </list>\r\n    \r\n    <subsection>Press, public work  and communication</subsection>\r\n    <list>\r\n    \t<item>with final consumers</item>\r\n    \t<item>with the trade</item>\r\n    \t<item>with media</item>\r\n    \t<item>with institutions</item>\r\n    \t<item>Answer of inquiries</item>\r\n    \t<item>Administration of address material</item>\r\n    \t<item>Assistance with points of issues</item>\r\n    </list>\r\n\r\n", 
            "language": 1, 
            "title": "VDAT Member"
        }
    }, 
    {
        "pk": 2, 
        "model": "app_company.languagepref", 
        "fields": {
            "menu": "Mitglied des VDAT", 
            "company": 1, 
            "description": " <generic>PPI Automotive Design GmbH ist ein Mitglied des angesehenen VDAT, Verband deutscher Automobil Tuner eV.</generic>\r\n     \r\n    <generic>Der VDAT wurde im Jahre 1987 ins Leben gerufen. Seit dieser Zeit ist der Verband nicht nur daran interessiert, die bekanntesten Tuner der Welt zu repr\u00e4sentieren -  sondern vertritt auch die Interessen des Endverbrauchers.</generic>\r\n     \r\n    <generic>Bis zum heutigen Tag ist das VDAT-G\u00fctesiegel aktuell. Mit diesem G\u00fctesiegel wird f\u00fcr den Endverbraucher sichtbar, dass es sich hierbei um ein Qualit\u00e4tsprodukt eines VDAT-Mitglieds handelt.</generic>\r\n     \r\n    <generic>Der VDAT sch\u00fctzt den Endverbraucher gleicherma\u00dfen wie die Mitglieder gegen unseri\u00f6se \u201eProduktpiraterie\u201c, seitdem jedem bekannt ist, dass billige Plagiate eine Bedrohung f\u00fcr die Gesundheit unschuldiger Kunden darstellen und lebensgef\u00e4hrlich enden k\u00f6nnen.</generic>\r\n    \r\n    <section>Leistungen des VDAT (Auszug VDAT Webseite)</section>\r\n    \r\n    <generic>Bei der Gr\u00fcndung des VDAT im Jahr 1987 ging es haupts\u00e4chlich darum, die Interessen der Tuning-Branche gegen\u00fcber dem T\u00dcV zu vertreten. Doch l\u00e4ngst ist die Arbeit des Verbandes Deutscher Automobil Tuner wesentlich vielf\u00e4ltiger, sind die Aufgaben komplexer geworden. Der Schwerpunkt verlagerte sich in Richtung Qualit\u00e4tssicherung und Selbstkontrolle.</generic>\r\n    \r\n    <generic>Ein wesentlicher Bestandteil der VDAT-Aktivit\u00e4ten ist es au\u00dferdem, die Mitglieder in der \u00d6ffentlichkeit zu repr\u00e4sentieren und den Begriff \u201eQualit\u00e4tstuning\u201c allgemein zu verankern. Die Initiative TUNE IT! SAFE! ist daf\u00fcr ein gutes Beispiel.</generic>\r\n    \r\n    <section>Das Leistungsspektrum des VDAT e.V. im \u00dcberblick:</section>\r\n    \r\n    <subsection>Lobbyarbeit und weltweite Interessenvertretung:</subsection>\r\n    <list>\r\n    \t<item>- bei Institutionen</item>\r\n    \t<item>- in Rechtsangelegenheiten</item> \r\n    \t<item>- Wettbewerbsrecht in der \u00d6ffentlichkeit</item>\r\n    \t<item>- Leistungspaket VDAT e.V. G\u00fctesiegel</item>\r\n    \t<item>- Unterst\u00fctzung bei Zertifizierungen</item>\r\n    \t<item>- Recherchen zu neuen und ge\u00e4nderten Richtlinien</item>\r\n    \t<item>- Tests in Zusammenarbeit mit der Industrie</item>\r\n    \t<item>- Verfolgung von illegalem, unsicherem und unseri\u00f6sem Tuning</item>\r\n    \t<item>- Organisation von gemeinsamen Messeauftritten</item>\r\n    </list>\r\n    \r\n    <subsection>Marktbeobachtungen:</subsection>\r\n    <list>\r\n    \t<item>- national</item>\r\n    \t<item>- international</item>\r\n    </list>\r\n    \r\n    <subsection>Presse, \u00d6ffentlichkeitsarbeit und Kommunikation</subsection>\r\n    <list>\r\n    \t<item>- mit Endverbrauchern</item>\r\n    \t<item>- mit dem Handel</item>\r\n    \t<item>- mit Medien</item>\r\n    \t<item>- mit Institutionen</item>\r\n    \t<item>- Beantwortung von Anfragen</item>\r\n    \t<item>- Verwalten von Adressmaterial</item>\r\n    \t<item>- Hilfe bei Streitfragen</item>\r\n    </list>\r\n\r\n", 
            "language": 2, 
            "title": "Mitglied des VDAT"
        }
    }, 
    {
        "pk": 3, 
        "model": "app_company.languagepref", 
        "fields": {
            "menu": "Imprint", 
            "company": 2, 
            "description": "  <list>\r\n        <address>PPI Automotive Design GmbH</address>\r\n        <address>Anton-Schmidt-Strasse 17</address>\r\n        <address>D-71332 Waiblingen</address>\r\n        <address>Germany</address>\r\n    </list>\r\n    \r\n    <inline>\r\n        <label>Tel.</label> \r\n        <data>+49 (0)7151 981 19-9</data>\r\n    </inline>\r\n    <inline>\r\n        <label>Fax</label>\r\n        <data>+49 (0)7151 981 19-1</data>\r\n    </inline>\r\n    <inline>\r\n        <label>Mobil</label>\r\n        <data>+49 (0)174 214 3391</data>\r\n    </inline>\r\n    <inline>\r\n        <label>Mobil USA</label>\r\n        <data>+1 646 996 9851</data>\r\n    </inline>\r\n    <inline>\r\n        <label>Email</label>\r\n        <mail addr=\"info@ppidesign.com\"/>\r\n    </inline>\r\n    <inline>\r\n        <label>Web</label>\r\n        <url addr=\"www.ppidesign.com\"/>\r\n    </inline>\r\n    \r\n    <section>Managing director</section>\r\n    <list>\r\n        <person>Dr. Benjamin Abraham</person>\r\n        <person>Steuer-Nr. 90494/10447</person>\r\n        <person>USt.-ldNr. DE 814 789 742</person>\r\n    </list>\r\n\r\n", 
            "language": 1, 
            "title": "Imprint:"
        }
    }, 
    {
        "pk": 4, 
        "model": "app_company.languagepref", 
        "fields": {
            "menu": "Impressum", 
            "company": 2, 
            "description": "   <list>\r\n        <address>PPI Automotive Design GmbH</address>\r\n        <address>Fellbacher Strasse 112</address>\r\n        <address>D- 70736 Fellbach-Schmiden</address>\r\n        <address>Germany</address>\r\n    </list>\r\n    \r\n    <inline>\r\n        <label>Tel.</label> \r\n        <data>+49 (0)711 505 7777</data>\r\n    </inline>\r\n    \r\n    <inline>\r\n        <label>Fax</label>\r\n        <data>+49 (0)711 505 7881</data>\r\n    </inline>\r\n    \r\n    <inline>\r\n        <label>Mobil</label>\r\n        <data>+49 (0)174 214 3391</data>\r\n    </inline>\r\n    \r\n    <inline>\r\n        <label>Mobil USA</label>\r\n        <data>+1 646 996 9851</data>\r\n    </inline>\r\n    \r\n    <inline>\r\n        <label>Email</label>\r\n        <mail addr=\"info@ppidesign.com\"/>\r\n    </inline>\r\n    <inline>\r\n        <label>Web</label>\r\n        <url addr=\"www.ppidesign.com\"/>\r\n    </inline>\r\n    \r\n    <section>Gesch\u00e4ftsf\u00fchrer:</section>\r\n    <list>\r\n        <person>Dr. Benjamin Abraham</person>\r\n        <person>Steuer-Nr. 90494/10447</person>\r\n        <person>USt.-ldNr. DE 814 789 742</person>\r\n    </list>\r\n    \r\n    <section>Haftungshinweise:</section>\r\n    <generic>Trotz sorgf\u00e4ltiger inhaltlicher Kontrolle \u00fcbernehmen wir keine Haftung f\u00fcr die Inhalte externer Links. F\u00fcr den Inhalt der verlinkten Seiten sind ausschlie\u00dflich deren Betreiber verantwortlich.</generic>\r\n", 
            "language": 2, 
            "title": "Impressum:"
        }
    }, 
    {
        "pk": 5, 
        "model": "app_company.languagepref", 
        "fields": {
            "menu": "Terms & Conditions", 
            "company": 3, 
            "description": "  <generic>1. All orders shall be subject to our terms of payment and delivery. Any previous or customary agreements shall be null and void. With this we oppose expressly to eventual payment and delivery terms made by our contracting party.</generic>\r\n    \r\n    <generic>2. All orders have to be placed in written form. If parts or accessories are delivered wrong or incomplete because of wrong or missing information on the customer\u2019s order form no claims are included.</generic>\r\n    \r\n    <generic>3. The dispatch of goods shall be affected in each case ex-works for customer\u2019s account and risk. The route choice is left to our discretion. For very small orders less than 50,00 EUR net merchandise value prices apply to delivery ex-works; dispatching and packing costs are charged at prime cost. We charge 5,00 EUR net as supplement for lower quantities.</generic>\r\n    \r\n    <generic>4. Prices and terms of payment. All PPI Automotive Design prices include 19% German VAT. The delivery of goods to foreign countries shall be affected against cash on delivery (C.O.D.) or delivery against payment in advance (by bank transfer or bank check in EUR). After all invoices are due 30 days following the date of invoice without deduction. By exceeding the due date interests on defaulted payment of at least 3% above the discount rate of the Federal Bank shall be charged. The right of applying higher damages remains reserved. After expiry of the 30 days period the buyer is in arrears without reminder.</generic>\r\n    \r\n    <generic>5. All delivered goods remain the property of PPI Automotive Design until all the invoices pertaining to the current business are paid in full. In case of treating (connection/mixing) with other goods not belonging to us by the buyer the regulations according to \u00a7\u00a7947, 948 BGB will become valid with the consequence that our share of property of the new is to be regarded as reserved goods through these conditions. The further sale of the reserved goods is allowed to the buyer only in a businesslike manner under the conditions that he arranges also for a reservation of proprietary rights with his customer according to the arrangements agreed upon. Other disposals regarding the reservation of   proprietary rights especially distraints and security transfers are not allowed to the buyer. We have to be informed immediately of distraints or confiscation of the reserved goods through third persons. Intervention charges resulting there from will have to be paid in any case by the buyer if they are not paid by third persons. In case of further sales the buyer already now assigns to us all demand resulting from the further sale and all other demands until all our demands are fulfilled. On our demand the buyer is obliged to furnish all information and documents we may require to assert our rights against the customer of the buyer.</generic>\r\n    \r\n    <generic>If the buyer further sells the reserved goods after treating (connection / mixing) together with other goods not belonging to us the assignment of the price demand refers to the invoice value of our reserved goods only. If the value of the security existing for us exceeds the total demand by more that 20% we will be compelled on demand of the buyer to release securities of our choice.   If according to the above-mentioned regulations we make use of our reservation of ownership by taking back the reserved goods we are authorized to sell the goods or to put them up for auction. The reserved goods will be taken back in the amount of the earned proceeds or at the delivery prices agreed upon at the maximum. Other claims of damages especially for failed profit are excluded.</generic>\r\n    \r\n    <generic>6. In case the customer will not accept the goods he ordered we would store the goods on customer\u2019s account and risk. We are free to decide what to do with the goods. Any costs resulting from storage, transport, packing or restoring are to be paid by the customer.</generic>\r\n    \r\n    <generic>7. Claims shall be communicated by written confirmation within 7 days after receipt of the goods. The buyer is bound to immediately verify the forwarded goods. This also applies to short shipment. Within the guarantee period (two years) we redress claims with the exception of further guarantee claims of the buyer, which are based on by overhauling or exchange. If we cause an expiry of the delay agreed upon without having provided compensation or having put right to the claim or we have been successful in our repairs the buyer can make use of his right of the legal guarantee instructions. Claims resulting from impossibility of the performance, from delay, from breach of contract, from mistakes made on conclusion of the contract, from non-authorized handling and claims of another kind of keeping on such as consecutive costs for mounting, disassembling, painting etc. are not included. They are included   if they are caused intentionally or negligence by us or by one of our executives.</generic>\r\n    \r\n    <generic>A credit for returned goods is only granted after the goods have been sent back to us, and freight, duty and insurance paid. Only undamaged goods and goods suitable to be resold can be credited. The customer will be charged for handling costs (15% of the net merchandise value but at least 15,00 Euro). In case of returning goods the buyer is responsible for perfect packing of the goods.</generic>\r\n    \r\n    <generic>8. Any return of goods is subject to our prior approval and shall be addressed to our works: PPI Automotive Design GmbH, Anton-Schmidt-Strasse 17, D-71332 Waiblingen, Germany.</generic>\r\n    \r\n    <generic>9. Delivery dates are only obligatory when they are mentioned as fixed dates in our order confirmation. The period starts with the date of the order confirmation. The date is kept when the goods have left our works or stocks on its expiry or when we informed the buyer that the goods are ready for dispatch. When goods are ready for dispatch but the delivery is delayed for reasons beyond our control the risk is transferred to the buyer   on announcing that the goods are ready for dispatch.</generic>\r\n    \r\n    <generic>If we cannot fulfill our obligations for reasons unforeseen or extraordinary which we cannot avoid in spite of the duty of care assigned to this case no matter whether occurred in our works or in the works of our supplier such as official measurements, working disturbances, tools damage, delays in delivery of important raw material, difficulties in providing energy we will be authorized to delay the delivery for the period required or to cancel the contract; claims of the buyer are excluded then.</generic>\r\n    \r\n    <generic>10. We keep the right to modify the prices indicated in our catalogues, price-lists or any other publications at any time. To business relations appointed by contract the price agreed in each case shall apply. The delivery periods indicated by us are of non-binding character.</generic>\r\n    \r\n    <generic>11. After having concluded the contract we are authorized to terminate the contract if it is discovered that the financial circumstances of the buyer threaten his ability to pay in full.</generic>\r\n    \r\n    <generic>12. Place of performance for our delivery obligations and for our buyer\u2019s payment obligations is D-71332 Waiblingen, Germany.</generic>\r\n    \r\n    <generic>13. The rules of the UN-agreement for contracts regarding international sales will not be applied.</generic>\r\n\r\n", 
            "language": 1, 
            "title": "Terms & Conditions"
        }
    }, 
    {
        "pk": 6, 
        "model": "app_company.languagepref", 
        "fields": {
            "menu": "Terms & Conditions", 
            "company": 3, 
            "description": "  <generic>1.0. F\u00fcr alle Lieferungen und Leistungen, auch die k\u00fcnftigen, gelten ausschlie\u00dflich die nachstehenden Bedingungen. Entgegengesetzte, auch gedruckte Bedingungen des K\u00e4ufers sowie m\u00fcndliche Vereinbarungen bed\u00fcrfen zur G\u00fcltigkeit unserer ausdr\u00fccklichen schriftlichen Genehmigung.</generic>\r\n    \r\n    <generic>2.0. Angebote und Bestellungen</generic>\r\n    \r\n    <generic>2.1. Unsere Angebote sind freibleibend. Abschl\u00fcsse und Vereinbarungen werden f\u00fcr uns erst durch die schriftliche Best\u00e4tigung durch den Gesch\u00e4ftsf\u00fchrer oder durch vorbehaltlose Auslieferung verbindlich.</generic>\r\n    \r\n    <generic>2.2. Bestellungen des K\u00e4ufers gelten erst nach Postzustellung an uns f\u00fcr verbindlich. Ma\u00dfgeblich ist nicht der Tagesstempel des Auslieferungspostamtes. Telefonische Bestellungen gelten erst nach schriftlicher Best\u00e4tigung durch den Auftraggeber als eingegangen, es sei denn der K\u00e4ufer w\u00fcnscht eine sofortige Auslieferung. Wir haften bei telefonischer Bestellung keinesfalls f\u00fcr Falschlieferungen, das Risiko aus dieser Bestellung tr\u00e4gt in vollem Umfang der Auftraggeber.</generic>\r\n    \r\n    <generic>2.3. Werden Umr\u00fcsts\u00e4tze, Zubeh\u00f6r oder sonstige Teile aufgrund unklarer, falscher oder unvollst\u00e4ndiger Angaben falsch oder unvollst\u00e4ndig geliefert, so tr\u00e4gt der Besteller das gesamte Risiko, Schadenersatzanspr\u00fcche jeglicher Art werden ausgeschlossen.</generic>\r\n    \r\n    <generic>2.4. An Angeboten behalten wir uns unsere Eigentums- und Urheberrechte ausdr\u00fccklich vor. Diese Unterlagen d\u00fcrfen Dritten nur dann zug\u00e4nglich gemacht werden, wenn dies von uns ausdr\u00fccklich schriftlich freigegeben wurde.</generic>\r\n    \r\n    <generic>2.5. Die Preisangaben in unseren Katalogen, Rundschreiben, Anzeigen, Preislisten oder in den zum Angebot geh\u00f6renden Angaben sind unverbindlich, soweit sie nicht in der Auftragsbest\u00e4tigung ausdr\u00fccklich durch den Gesch\u00e4ftsf\u00fchrer als verbindlich bezeichnet sind.</generic>\r\n    \r\n    <generic>3.0. Lieferungen</generic>\r\n    \r\n    <generic>3.1. Lieferfristen sind nur nach ausdr\u00fccklicher schriftlicher Vereinbarung verbindlich und gelten als eingehalten, wenn die Ware unser Unternehmen verlassen hat, bzw. zur Abholung bereit steht.</generic>\r\n    \r\n    <generic>3.2. Bei Sonderanfertigungen oder in Kleinserie hergestellten Zubeh\u00f6rteilen behalten wir uns technische \u00c4nderungen sowie Ma\u00df- und Gewichtsabweichungen aufgrund unserer spezifischen Produktionstechnik bzw. durch Weiterentwicklung vor. Sonderanfertigungen gelten vom</generic>\r\n    <generic>Beginn der Fertigung an als abgenommen. Bei einem R\u00fccktritt des Auftraggebers stellen wir die bis zum Zeitpunkt der Stornierung angefallenen Kosten in Rechnung.</generic>\r\n    \r\n    <generic>3.3. Bei h\u00f6herer Gewalt (Streik, Ausbleiben von Leistungen von Zulieferern, Krankheit usw.) an der uns kein Verschulden trifft, verl\u00e4ngert sich die Lieferfrist in angemessenem Umfang um mindestens 2 Wochen. Wird eine durch uns zugesicherte Lieferung unm\u00f6glich oder unzumutbar, so k\u00f6nnen wir vom Vertrag zur\u00fccktreten.</generic>\r\n    \r\n    <generic>3.4. Kommen wir in Lieferverzug, so kann der Auftraggeber nach Ablauf einer von Ihm schriftlich gesetzten Nachfrist von mindestens 2 Wochen seinerseits vom Vertrag zur\u00fccktreten. Das R\u00fccktrittsrecht erstreckt sich nur auf den nicht erf\u00fcllten Teil des Vertrages. Eine Weitergabe von Schadenersatzanspr\u00fcchen ist ausgeschlossen.</generic>\r\n    \r\n    <generic>4.0. Versand, Gefahren\u00fcbergang und Warenentgegennahme</generic>\r\n    \r\n    <generic>4.1. Der Versand erfolgt auf Gefahr und Kosten des K\u00e4ufers, sobald die Ware unseren Betrieb verlassen hat. Eine Transportversicherung erfolgt nur auf ausdr\u00fccklichen Wunsch des K\u00e4ufers und geht zu seinen Lasten. Die Versandart wird von uns bestimmt. Eine Haftung f\u00fcr die Ermittlung der g\u00fcnstigsten Versandwege k\u00f6nnen wir nicht \u00fcbernehmen. Verz\u00f6gert sich der Transport der Ware ohne unser Verschulden, so lagert die Ware auf Kosten des K\u00e4ufers. Als Nachweis f\u00fcr eine ordnungsgem\u00e4\u00dfe Versendung der Ware ist die Empfangsquittung des jeweiligen Transportunternehmens ausreichend.</generic>\r\n    \r\n    <generic>4.2. Wir behalten uns Teillieferungen vor, soweit die gelieferte Ware vom K\u00e4ufer verwendet werden kann. Der Versand erfolgt, wenn nicht ausdr\u00fccklich anders schriftlich vereinbart, nur per Nachnahme oder Vorkasse.</generic>\r\n    \r\n    <generic>4.3. Besch\u00e4digte Ware ist beim Transportunternehmen erst dann abzunehmen, wenn vom Transportunternehmen der Schaden protokolliert und anerkannt worden ist. Bei Nichtbeachtung hat der K\u00e4ufer den hieraus entstehenden Schaden selbst zu tragen.</generic>\r\n    \r\n    <generic>4.4. Durch den Transport besch\u00e4digte Ware ist keinesfalls ohne schriftliche Zustimmung unsererseits, an uns zur\u00fcckzusenden, sondern dem Transportunternehmen zur Verf\u00fcgung zu stellen. F\u00fcr den vom Transportunternehmen anerkannten Schaden leisten wir umgehend eine Ersatzlieferung (Schadenprotokoll bitte sofort zusenden). Der Rechnungsbetrag ist direkt an uns zu begleichen und vom K\u00e4ufer dem Transporteur in Rechnung zu stellen.</generic>\r\n    \r\n    <generic>5.0. Preise und Zahlungsbedingungen</generic>\r\n    \r\n    <generic>5.1. Die Preise verstehen sich ausschlie\u00dflich Versicherung und Versandkosten, aber inklusive 16% Mehrwertsteuer (zum Zeitpunkt des Katalogdruckes geltender gesetzlicher MwSt.-Satz). Verpackung ist ab einem Warenwert von 25,00 EUR frei. F\u00fcr eventuelle Druckfehler bei Warenauszeichnungen in unserem Katalog wird nicht gehaftet.</generic>\r\n    \r\n    <generic>5.2. Vom Kunden abgeholte, oder direkt von uns angelieferte Ware ist sofort in bar zu bezahlen. Bei Barzahlung werden ab einem Nettowarenwert von 40,00 Euro 2% Skonto gew\u00e4hrt. Das gleiche gilt bei der Abholung umger\u00fcsteter Fahrzeuge bzw. bei Abholung nach erfolgter T\u00dcV-Abnahme. Nichteinhaltung der Skontofrist bzw. Abzug von h\u00f6herem Skonto erwirken Nachbelastung.</generic>\r\n    \r\n    <generic>6.0. Annahmeverzug</generic>\r\n    \r\n    <generic>6.1. Wird vom Kunden bestellte Ware nicht angenommen, bzw. nicht abgeholt, so wird die Ware auf Gefahr und Risiko des Kunden bei uns eingelagert. Weigert sich der Kunde, nach Fristsetzung von 2 Wochen endg\u00fcltig die Ware anzunehmen, bzw. abzuholen, so k\u00f6nnen wir frei anderweitig \u00fcber die Ware verf\u00fcgen. Den entstandenen Schaden (Lagerungs-, Transport-, Verpackungs- und Wiedereinlagerungskosten) tr\u00e4gt der K\u00e4ufer bzw. Auftraggeber.</generic>\r\n    \r\n    <generic>7.0.  Eigentumsvorbehalt</generic>\r\n    \r\n    <generic>7.1. Bis zur vollst\u00e4ndigen Bezahlung des Kaufpreises bleibt die gelieferte Ware (Vorbehaltsware) unser Eigentum. Wird die unter Eigentumsvorbehalt gelieferte Ware an Dritte \u2013 gleich in welchem Zustand \u2013 weiterver\u00e4u\u00dfert, so tritt der K\u00e4ufer hiermit schon alle Forderungen an seine Abnehmer an uns ab. Bei Ver\u00e4u\u00dferung unserer Waren in Verbindung mit anderen Waren fremder Herkunft oder in Verbindung mit anderen Leistungen steht uns ein Anspruch auf mindestens in H\u00f6he des Wertes unserer Lieferung, in jedem Falle aber ein Anteil in H\u00f6he unserer Forderungen zu.</generic>\r\n    \r\n    <generic>7.2. Der K\u00e4ufer hat die unter Eigentumsvorbehalt stehende Ware pfleglich zu behandeln.</generic>\r\n    \r\n    <generic>7.3. Bei Nichteinhaltung der in diesem Vertrag oder sp\u00e4ter getroffenen Zahlungsvereinbarungen verpflichtet sich der K\u00e4ufer auf seine Kosten die gekauften Gegenst\u00e4nde dem Verk\u00e4ufer auch ohne richterliche Verf\u00fcgung herauszugeben.</generic>\r\n    \r\n    <generic>8.0. Gew\u00e4hrleistungen</generic>\r\n    \r\n    <generic>8.1. Alle M\u00e4ngel, Fehlmengen oder Falschlieferungen sind sofort nach Kenntnisnahme, sp\u00e4testens aber bis 7 Tagen nach Erhalt der Ware schriftlich anzuzeigen.</generic>\r\n    \r\n    <generic>8.2. Beanstandete Ware werden wir nach unserer Wahl nachbessern oder durch einwandfreie Ware ersetzen. Schl\u00e4gt die Nachbesserung fehl oder kommen wir mit der Ersatzlieferung in Lieferverzug, so kann der K\u00e4ufer nach 14-t\u00e4giger Frist von seinem Kaufvertrag zur\u00fccktreten.</generic>\r\n    \r\n    <generic>8.3. Bem\u00e4ngelte Ware ist frachtfrei an uns zur\u00fcckzusenden. Im Fall eines durch unser Haus festgestellten begr\u00fcndeten Mangels tragen wir die Frachtkosten und die Kosten f\u00fcr die Nachbesserung bzw. Ersatzlieferung.</generic>\r\n    \r\n    <generic>8.4. Gew\u00e4hrleistungsanspr\u00fcche bestehen nicht, wenn die M\u00e4ngel auf eine Verletzung von Bedienungs-, Wartungs-, Handhabungs- oder Einbauvorschriften, ungeeignete oder unsachgem\u00e4\u00dfe Verwendung, fehlerhafte oder nachl\u00e4ssige Behandlung oder auf nat\u00fcrlichen Verschlei\u00df zur\u00fcckzuf\u00fchren bzw. der Einbau in keiner Fachwerkst\u00e4tte erfolgt ist. Die Ware ist vor dem Einbau auf etwaige M\u00e4ngel zu pr\u00fcfen. Schadenersatzanspr\u00fcche f\u00fcr entstandene Verarbeitungs- und Montagekosten werden nicht erstattet.</generic>\r\n    \r\n    <generic>8.5. Weitergehende Schadenersatzanspr\u00fcche, die nicht direkt an der Ware entstanden sind, sind von der Haftung auszuschlie\u00dfen.</generic>\r\n    \r\n    <generic>9.0. Allgemeiner Haftungsausschluss</generic>\r\n    \r\n    <generic>9.1. Unsere Haftung richtet sich ausschlie\u00dflich nach den in Ziffern 1-9 aufgef\u00fchrten Vereinbarungen. Maximale Gew\u00e4hrleistung auf ausgef\u00fchrte Umr\u00fcstungen betr\u00e4gt 24 Monate.</generic>\r\n    \r\n    <generic>10.0. Erf\u00fcllung der gesetzlichen Vorschriften. \u00c4nderungen und Umr\u00fcstungen von Fahrzeugen, die im \u00f6ffentlichen Stra\u00dfenverkehr teilnehmen, m\u00fcssen in die Fahrzeugpapiere eingetragen werden. Der K\u00e4ufer muss das Fahrzeug, soweit f\u00fcr die Teile keine ABE vorliegt, beim technischen \u00dcberwachungsverein vorf\u00fchren. Die Verantwortung von umgebauten Fahrzeugen oder deren Teilen liegt beim K\u00e4ufer. Irgendwelche Anspr\u00fcche an den Verk\u00e4ufer wegen Nichtgenehmigung durch den T\u00dcV sind ausgeschlossen, es sei denn der Verk\u00e4ufer hat die T\u00dcV-Zul\u00e4ssigkeit unter Beachtung der entsprechenden Auflagen ausdr\u00fccklich schriftlich zugesichert. Bei Fahrzeugen, an denen nach der Umr\u00fcstung bzw. der T\u00dcV- Abnahme im Hause PPI \u00c4nderungen vorgenommen werden, entf\u00e4llt jegliche Haftung, sofern die \u00c4nderung f\u00fcr den Schaden mittelbar oder unmittelbar ausschlaggebend war.</generic>\r\n    \r\n    <generic>11.0 Warenr\u00fccknahmen und R\u00fccklieferungen</generic>\r\n    \r\n    <generic>11.1. Bei Warenr\u00fccknahmen / -sendungen haftet der Kunde f\u00fcr die einwandfreie Verpackung der Ware.</generic>\r\n    \r\n    <generic>11.2. Eine Warengutschrift erfolgt erst nach eingehender Pr\u00fcfung der zur\u00fcckgesandten Ware. Die R\u00fccksendung muss \u201efrei Haus\u201c erfolgen. F\u00fcr Wiedereinlagerung werden dem K\u00e4ufer 15% des Warenwerts aber mindestens 15,00 Euro in Rechnung gestellt. Waren mit einem Nettowarenwert unter 50,00 Euro werden grunds\u00e4tzlich nicht f\u00fcr eine Warengutschrift zur\u00fcckgenommen. Besch\u00e4digte oder nicht mehr einwandfreie Waren sind von der R\u00fccksendung ausgeschlossen und werden nicht gutgeschrieben.</generic>\r\n    \r\n    <generic>11.3. R\u00fccknahme von Einzel- und Sonderanfertigungen sind grunds\u00e4tzlich ausgeschlossen.</generic>\r\n    \r\n    \r\n    <generic>12.0. Erf\u00fcllungsort und Gerichtsstand</generic>\r\n    \r\n    <generic>12.1. Erf\u00fcllungsort f\u00fcr Lieferungen und Zahlungen ist D-71332 Waiblingen, Germany.</generic>\r\n    \r\n    <generic>12.2. Gerichtsstand f\u00fcr alle Rechtsstreitigkeiten aus dem Vertragsverh\u00e4ltnis ist Stuttgart, Germany.</generic>\r\n    \r\n    <generic>12.3. F\u00fcr alle Rechtsbeziehungen zwischen dem K\u00e4ufer und uns gilt das Recht der Bundesrepublik Deutschland</generic>\r\n    \r\n\r\n", 
            "language": 2, 
            "title": "Allgemeine Gesch\u00e4ftsbedingungen der Firma PPI Automotive Design GmbH"
        }
    }, 
    {
        "pk": 10, 
        "model": "app_company.languagepref", 
        "fields": {
            "menu": "Legal", 
            "company": 6, 
            "description": "<section>General Information</section>\r\n    <generic>PPI AUTOMOTIVE DESIGN GmbH</generic>\r\n    \r\n    <generic>The PPI Emblem is a registered trademark of PPI AUTOMOTIVE DESIGN GmbH. The photos of the vehicle models show the equipment for the Federal Republic of Germany. They also show special equipment, that does not belong to the serial production. Due to the regulations and standards of various countries not all products are available in every country. Please ask your local PPI AUTOMOTIVE DESIGN dealer or Importer about the deliverable products and range of equipment. Changes of construction, equipment and scope of delivery as well as changes in the color and material are subject to change. All prices are non-binding.</generic>\r\n    \r\n    <section>PPI AUTOMOTIVE DESIGN GmbH</section>\r\n    <list>\r\n    \t<address>Anton-Schmidt-Strasse 17</address>\r\n    \t<address>D-71332 Waiblingen</address>\r\n    \t<address>Germany</address>\r\n    </list>\r\n    \r\n    <section>Data protection</section>\r\n    <generic>Your privacy is of high importance to PPI AUTOMOTIVE DESIGN GmbH. We observe the legal regulations regarding the data protection. When you visit our web-site our web-server will save the name of your internet-service-provider, the web-site where you came from, the pages you are looking at on our site as well as the date and the length of your visit. We will only use these data for statistical reason and you will remain absolutely anonymous. When your are asked to give personal information on a website, you will be informed about the intention of the use and if necessary you will be asked to give your permission to use it.</generic> \r\n    \r\n    <section>Copyright</section>\r\n    <generic>All texts, photos, audio, video data and published information, have the copyright of PPI AUTOMOTIVE DESIGN GmbH. The total or partial  re-production or replay of parts is not permitted without the written authorization of the PPI AUTOMOTIVE DESIGN GmbH.</generic>\r\n            \r\n    <section>Link Information:</section>\r\n    <generic>With the verdict dated May 12th 1998 - 312 O 85/95 - 'Liability for Links' the regional court (LG) in Hamburg had decided that one can be held liable for the content of the offered links. According to the LG this can only be avoided by expressing the dispassionate view on their content.  We hereby view dispassionately on all contents of the linked pages on our web-site and we do not agree with the content of these pages!  This statement applies to all mentioned links on our web-site.</generic>\r\n    \r\n\r\n", 
            "language": 1, 
            "title": "Legal"
        }
    }, 
    {
        "pk": 8, 
        "model": "app_company.languagepref", 
        "fields": {
            "menu": "Warning: Copies", 
            "company": 5, 
            "description": " <subsection>Dear owners and potential customers of PPI Aerodynamic components:</subsection>\r\n    \r\n    <generic>The game of supply and demand on the world market is extremely dynamic and unpredictable. On the market you can find anything your heart desires. It is probably unnecessary to point out that for practical purposes the actual situation is very difficult to control. Therefore, all kinds of forgeries and knock-offs also find their way onto the market.</generic>\r\n    \r\n    <generic>We all know about what has occurred with successful and popular brands. There are always copy artists who are ready to take their own share of that success. We have learned that PPI Aerodynamic components has joined this club of successful brands. Our representatives in Germany, Hong Kong, Japan, UK, and the USA have informed us that knock-offs of the PPI Aerodynamic components have appeared in the market of many countries. These copies contain no warranty from PPI Automotive Design GmbH and have not been tested by us and should therefore should be considered dangerous. Buying cheaper imitations at the sacrifice of safety is not something we would recommend to anyone, our clients or otherwise. We hope you will pay attention to this warning and only buy the original parts from PPI Automotive Design GmbH, or an authorized reseller\u00b9. As a member of VDAT (German Tuner Association), we believe wholeheartedly in the expression: \u201cTune It Safe!\u201d\u00b2</generic>\r\n    \r\n    <inline>\r\n            <generic>\u00b9for more information about an authorized reseller in your country, please contact us at</generic>\r\n            <mail addr=\"info@ppidesign.com\"/>\r\n    </inline>\r\n    \r\n    <generic>\u00b2Tune It Safe! Is a registered trademark of VDAT, and may only be used by VDAT members.</generic>\r\n\r\n", 
            "language": 1, 
            "title": ""
        }
    }, 
    {
        "pk": 9, 
        "model": "app_company.languagepref", 
        "fields": {
            "menu": "Warnung vor Kopien", 
            "company": 5, 
            "description": "<subsection>Sehr geehrte Autobesitzer und potenzielle Kunden der PPI Aerodynamik Teile</subsection>\r\n    \r\n    <generic>Das Spiel von Angebot und Nachfrage auf dem Weltmarkt ist extrem dynamisch und unberechenbar.  Der Markt gibt alles her, was das Herz des Kunden begehrt.  Es ist wohl unn\u00f6tig aufzuzeigen das die aktuelle Situation schwierig zu kontrollieren ist.  Daher ist es kein Wunder das viele F\u00e4lschungen und billige Imitate ihren Weg auf diesen Markt finden.</generic>\r\n    \r\n    <generic>Jeder wei\u00df, da\u00df dies bereits auch schon vielen erfolgreichen und popul\u00e4ren Marken widerfahren ist.  Es gibt immer F\u00e4lscher, die stets bereit sind, sich durch F\u00e4lschungen/Imitate ein St\u00fcck vom Kuchen des Erfolges abzuschneiden.  Wir mu\u00dften leider feststellen, da\u00df auch wir, zu den Gesch\u00e4digten geh\u00f6ren.  Unsere Vertretungen in Deutschland, Hongkong, Japan, Gro\u00dfbritannien und den USA haben uns \u00fcber Imitate informiert, die in vielen L\u00e4ndern im Umlauf sind.  Diese Teile werden nicht \u00fcber unsere Garantie abgedeckt, da sie weder von uns getestet wurden noch als sicher eingestuft werden.  Im Hinblick auf die allgemeine Sicherheit raten wir der \u00d6ffentlichkeit von dem Erwerb dieser Imitate Abstand zu nehmen.  Wir hoffen, Sie nehmen unseren Hinweis ernst und erwerben nur original PPI Automotive Design GmbH Produkte oder von einem unserer autorisierten Vertriebspartner\u00b9.  Als ein Mitglied des VDAT (Verband Deutscher Automobil Tuner), glauben wir voll und ganz an den Grundsatz: \u201eTune it Safe!\u201c\u00b2</generic>\r\n    \r\n    \r\n    <inline>\r\n            <generic>\u00b9f\u00fcr weitere Informationen \u00fcber autorisierte Vertriebspatner in ihrem Land kontaktieren Sie bitte</generic>\r\n            <mail addr=\"info@ppidesign.com\"/>\r\n    </inline>\r\n    \r\n    <generic>\u00b2\u201cTune it Safe!\u201c ist eine registrierte Handelsmarke des VDAT, und darf nur von VDAT Mitgliedern genutzt werden.</generic>\r\n\r\n", 
            "language": 2, 
            "title": ""
        }
    }, 
    {
        "pk": 11, 
        "model": "app_company.languagepref", 
        "fields": {
            "menu": "Rechthinweise", 
            "company": 6, 
            "description": "<section>Allgemeine Hinweise</section>\r\n    <generic>PPI Automotive Design GmbH</generic>\r\n     \r\n    <generic>Der Begriff PPI, das PPI-Logo sind eingetragene Marken der PPI Automotive Design GmbH und unterfallen gesetzlichen Schutzrechten.</generic>\r\n     \r\n    <generic>Die abgebildeten Fahrzeugmodelle zeigen die f\u00fcr das Gebiet der BRD vorgesehene Ausstattung, enthalten jedoch auch Sonderausstattungen, die nicht zum serienm\u00e4\u00dfigen Lieferumfang geh\u00f6ren und nur gegen. Aufpreis erh\u00e4ltlich sind. In verschiedenen L\u00e4ndern sind aufgrund der dort geltenden gesetzlichen Bestimmungen und Auflagen nicht alle Produkte von PPI verf\u00fcgbar. Bitte informieren Sie sich deshalb \u00fcber den Umfang der lieferbaren Produkte bzw. den genauen Ausstattungs-umfang des von Ihnen gew\u00fcnschten Fahrzeugs bei Ihrem PPI-St\u00fctzpunkt oder Ihrem PPI AUTOMOTIVE DESIGN Importeur. </generic>\r\n        \r\n    <generic>\u00c4nderungen im Bereich der Konstruktion, der Ausstattung und des Lieferumfangs sowie Abweichungen im Farbton sind m\u00f6glich und bleiben deshalb ausdr\u00fccklich vorbehalten. Alle angegebenen Preise verstehen sich als unverbindlich.</generic>\r\n             \r\n    <section>PPI Automotive Design GmbH</section>\r\n    <list>\r\n    \t\t<address>Anton-Schmidt-Strasse 17</address>\r\n    \t\t<address>D-71332 Waiblingen</address>\r\n    \t\t<address>Germany</address>\r\n    </list>\r\n    \r\n    <section>Datenschutz</section>\r\n    <generic>Unser Haus misst dem Schutz Ihrer Privat- und Pers\u00f6nlichkeitssph\u00e4re h\u00f6chste Bedeutung bei, weshalb die Einhaltung gesetzlicher Regelungen \u00fcber den Datenschutz eine Selbstverst\u00e4ndlichkeit darstellt.</generic>\r\n    \r\n    <generic>Besuchen Sie unsere Webseite, speichert unser Server den Namen Ihres Internet-Service-Providers sowie die Webseite, von der aus Sie uns besuchen. </generic>\r\n    \r\n    <generic>Gleiches gilt f\u00fcr das Datum und die Dauer Ihres Besuchs.</generic>\r\n    \r\n    <generic>Diese Daten werden f\u00fcr statistische Zwecke in anonymisierter Form ausgewertet.</generic>\r\n     \r\n    <generic>So auf einzelnen Webseiten die Angabe pers\u00f6nlicher Informationen gew\u00fcnscht wird, erhalten Sie vorab Informationen \u00fcber den beabsichtigten Zweck \u2013 auch wird, falls erforderlich, ausdr\u00fccklich um Ihre Zustimmung gebeten.</generic>\r\n    \r\n    <section>Copyright Hinweise</section>\r\n    <generic>Alle Texte, Bilder, Dateien sowie weitere hier ver\u00f6ffentliche Informationen unterliegen dem Copyright der PPI Automotive Design GmbH. Eine Reproduktion oder Wiedergabe von Texten, Bildern, Dateien im Ganzen oder in Teilen ist ohne die schriftliche Genehmigung der PPI Automotive Design GmbH nicht gestattet \u2013 Zuwiderhandlungen ziehen rechtliche Konsequenzen nach sich.</generic>\r\n            \r\n    <section>Link Hinweis:</section>\r\n    <generic>Mit Urteil vom 12. Mai 1998 \u2013 312 O 85/95 \u2013 \u201eHaftung f\u00fcr Links\" hat das Landgericht (LG) Hamburg entschieden, dass man durch Anbringung eines Links die Inhalte der gelinkten Seite ggf. mit zu verantworten hat. Dieses kann \u2013 so das LG \u2013 nur dadurch verhindert werden, dass man sich ausdr\u00fccklich von diesen Inhalten distanziert.</generic>\r\n     \r\n    <generic>Aus diesem Grunde gibt die PPI Automotive Design GmbH f\u00fcr alle auf der unternehmenseigenen Website angebrachten Links folgende Erkl\u00e4rung ab: </generic>\r\n     \r\n    <generic>Wir distanzieren uns ausdr\u00fccklich von allen Inhalten der auf unserer Website gelinkten Seiten und machen uns deren Inhalt nicht zu Eigen!</generic>\r\n    \r\n\r\n", 
            "language": 2, 
            "title": "Rechthinweise"
        }
    }, 
    {
        "pk": 12, 
        "model": "app_company.languagepref", 
        "fields": {
            "menu": "Job Opportunities", 
            "company": 7, 
            "description": "<generic>PPI Automotive Design GmbH is looking for the following personnel to join its expanding team:</generic>\r\n    \r\n    <section>Composites engineer:</section>\r\n    <generic>Ideally applicants must have experience working with pre-preg carbon fibre. Experience also required in wet lay-up.</generic>\r\n    \r\n    <section>Assembly technicians:</section>\r\n    <generic>Ideally suited to someone with 3 years college training and appropriate qualifications. Applicants must be willing to learn.</generic>\r\n    \r\n    <section>Trainee:</section>\r\n    <generic>Suited only to those willing to learn and contribute to the team.</generic>\r\n    \r\n    <inline>\r\n            <generic>Please apply in writing or by email to</generic>\r\n            <mail addr=\"info@ppidesign.com\"/>\r\n            <generic>including a full Curriculum Vitae, current employment and salary details.</generic>\r\n    </inline>\r\n\r\n", 
            "language": 1, 
            "title": "Opportunities at PPI Automative Design GmbH"
        }
    }, 
    {
        "pk": 13, 
        "model": "app_company.languagepref", 
        "fields": {
            "menu": "Job M\u00f6glichkeiten", 
            "company": 7, 
            "description": " <generic>Die PPI Automotive Design GmbH expandiert und sucht f\u00fcr das Team folgende Mitarbeiter:</generic>\r\n    \r\n    <section>Modelbauer:</section>\r\n    <generic>Idealerweise haben Sie Erfahrung im Umgang mit der Modellierung von Clay, Schaumkunststoff, Filler und \u00e4hnlichen Modelbau-Werksstoffen.</generic>\r\n    \r\n    <section>Karbon Spezialist:</section>\r\n    <generic>Der ideale Bewerber sollte detaillierte Erfahrungen im Bereich PrePrag &amp; Na\u00dflaminierung besitzen.</generic>\r\n    \r\n    <section>KFZ-Mechaniker:</section>\r\n    <generic>Mit abgeschlossener Ausbildung. Erfahrung mit Audi Fahrzeugen w\u00fcnschenswert.  Die Bereitschaft neue Herausforderungen anzunehmen, und sich ein gut funktionierendes Team zu integrieren..</generic>\r\n    \r\n    <inline>\r\n             <generic>Bitte schicken Sie Ihre vollst\u00e4ndige, aussagekr\u00e4fige Bewerbung mit Ihrer Gehaltsvorstellung und Ihrem derzeitigen Arbeitgeber an folgende eMail Adresse:</generic>\r\n             <mail addr=\"info@ppidesign.com\"/>\r\n    </inline> \r\n    \r\n\r\n", 
            "language": 2, 
            "title": "Arbeitsm\u00f6glichkeiten bei der PPI Automotive Design GmbH"
        }
    }, 
    {
        "pk": 14, 
        "model": "app_company.languagepref", 
        "fields": {
            "menu": "Founder", 
            "company": 8, 
            "description": "<generic>Since 1997 Dr. Benjamin Abraham, owner &amp; founder of PPI Automotive Design GmbH, Started individualizing automobiles of the AUDI mark.  One of the emphasis is the tuning of all Quattro, S, R (RS2, RS4 &amp; RS6) and R models. For the customer, there are boundless possibilities to develop and individualize their vehicles.  Even the most wild ideas becomes a reality from  Aerodynamics,  Interior, to increase in power output, PPI Automotive Design is always the correct choice.\u6f22\u5b57\u4eee\u540d\u4ea4\u3058\u308a\u6587</generic>\r\n\r\n", 
            "language": 1, 
            "title": "Founder"
        }
    }, 
    {
        "pk": 15, 
        "model": "app_company.languagepref", 
        "fields": {
            "menu": "Firmengr\u00fcnder", 
            "company": 8, 
            "description": " <generic>Im Jahr 1997 begann Benjamin Abraham, Inhaber und Gr\u00fcnder der PPI Automotive Design, Fahrzeuge der Marke AUDI zu individualisieren. Eines der Hauptgewichte ist der Umbau aller Quattro-, S-, RS- (RS2, RS4, RS6), und R Modelle.</generic>\r\n\r\n           <generic>Wir bieten unseren Kunden nahezu grenzenlose M\u00f6glichkeiten, ihr Fahrzeug individuell umzubauen. Gerade wenn es darum geht, die wildesten Phantasien in Bezug auf Aerodynamik, Innenausbau und Leistungssteigerung zu realisieren ist PPI Automotive Design immer der richtige Ansprechpartner. </generic>\r\n\r\n", 
            "language": 2, 
            "title": "Firmengr\u00fcnder"
        }
    }, 
    {
        "pk": 16, 
        "model": "app_company.languagepref", 
        "fields": {
            "menu": "Philosophy", 
            "company": 9, 
            "description": "<section>Precision</section>\r\n\t<generic>With attention and consideration for the smallest detail, we take all the necessary steps to develop our final products. From the inception of the layouts and designs of the prototype models up to the final assembled component, every step is done with the greatest diligence. The use of the finest materials is also self-evident as is the calibre of our workmanship.  This workmanship becomes evident as our final products have the smallest tolerances acceptable by industry standards. Without exception all of our components can be mounted on the original factory mounting points using original equipment manufacturer hardware. This repetition of materials is the only way to guarantee perfect and precise installation.</generic>\r\n\t\r\n\t<section>Performance</section>\r\n\t<generic>Elegant lines fused together with primary raw power, wrapped in the ultimate expression of our emotions and insight of Audi car refinement. To compliment the PPI optic designs, we bring your unique Audi to our performance standard through different technical-packages:</generic>\r\n\t\r\n\t<list>\r\n\t    <item>Engine with higher output</item>\r\n\t    <item>Larger free air intake and management systems</item>\r\n\t    <item>Exhaust-systems</item>\r\n\t    <item>Brake-systems</item>\r\n\t    <item>Suspension programs</item>\r\n\t    <item>Wheel and Tire packages</item>\r\n\t    <item>Electrical companent upgrades and innovations</item>\r\n\t</list>\r\n\t<section>Individuality</section>\r\n\t<generic>We offer our customers the ability to personalize their cars with different materials and high quality components. Whether you prefer a more classical or an extremely sportive look, we offer complete body, performance, and interior packages as well as individual components, which can be mounted in separate stages. In addition, our ability to customize your car is only limited by your imagination. At PPI, everything can be realized with the utmost attention to quality, form and function.</generic>\r\n\r\n", 
            "language": 1, 
            "title": "Philosophy"
        }
    }, 
    {
        "pk": 17, 
        "model": "app_company.languagepref", 
        "fields": {
            "menu": "Philosophie", 
            "company": 9, 
            "description": "<section>Pr\u00e4zision</section>\r\n<generic>Vom Entwurf \u00fcber die ersten Modelle, bis hin zum fertigen Bauteil erfolgt jeder Schritt mit gr\u00f6\u00dftm\u00f6glicher Sorgfalt.  Die Verwendung exquisiter Materialien ist dabei f\u00fcr uns ebenso selbstverst\u00e4ndlich wie deren Verarbeitung auf h\u00f6chstem Niveau. Neben einer besonders guten Passform unserer Bauteile legen wir besonderes Augenmerk auf die Montagefreundlichkeit. Ausnahmslos k\u00f6nnen unsere Bauteile an die werkseitigen Montagepunkte adaptiert werden. Nur so ist es m\u00f6glich, eine m\u00f6glichst einfache, schnelle und Kosten sparende Montage ohne Nacharbeiten zu bewerkstelligen.</generic>\r\n\r\n<section>Potenzial</section>\r\n<generic>Mit Liebe zum Detail wird schon im Vorfeld unsere zentrale Idee entwickelt. Elegante Linienf\u00fchrung im Zusammenspiel mit urspr\u00fcnglicher Kraft, verpackt in einem emotionalen Gewand ist unser Verst\u00e4ndnis einer sinnvollen Fahrzeugveredlung. Um Ihren Audi TT auch technisch auf den Stand seines Aussehens zu bringen bieten wir verschiedene Technik-Pakete:</generic>\r\n\r\n<list>\r\n    <item>Motoren mit h\u00f6herer Leistung</item>\r\n    <item>verst\u00e4rkte Motorenelemente</item>\r\n    <item>Auspuffsysteme</item>\r\n    <item>Bremsanlagen</item>\r\n    <item>Fahrwerke</item>\r\n    <item>Komplettr\u00e4der in verschiedenen Designs</item>\r\n    <item>zus\u00e4tzliche elektronische Bauteile</item>\r\n</list>\r\n\r\n<section>Individualit\u00e4t</section>\r\n<generic> Ungeachtet dessen, ob Ihr Fahrzeug von uns, von einem unserer weltweiten Partner umgebaut wird, oder Sie den Umbau selber vornehmen, bieten wir qualitativ hochwertige Teile f\u00fcr verschiedene Evolutionsstufen. Ob Sie ein eher klassisches Aussehen oder den extrem sportlichen Look bevorzugen, f\u00fcr jeden Geschmack bieten wir Karosseriebauteil-, Leistungssteigerungs- und Interieur-Pakete, die auch in mehreren Schritten nachger\u00fcstet werden k\u00f6nnen.</generic>\r\n\r\n", 
            "language": 2, 
            "title": "Philosophie"
        }
    }
]
